{
"type": "FeatureCollection",
"name": "sentinel_events",
"crs": { "type": "name", "properties": { "name": "urn:ogc:def:crs:OGC:1.3:CRS84" } },
"features": [
{ "type": "Feature", "properties": { "baseline": "ndvi_diff", "year_to": 2017, "area_m2": 599.81762822813801, "cause": "desconocido" }, "geometry": { "type": "Polygon", "coordinates": [ [ [ -61.35379, -38.95325 ], [ -61.35379, -38.95352 ], [ -61.35402, -38.95352 ], [ -61.35402, -38.95325 ], [ -61.35379, -38.95325 ] ] ] } },
{ "type": "Feature", "properties": { "baseline": "ndvi_diff", "year_to": 2017, "area_m2": 699.77712765819763, "cause": "desconocido" }, "geometry": { "type": "Polygon", "coordinates": [ [ [ -61.35356, -38.95424 ], [ -61.35356, -38.95442 ], [ -61.35344, -38.95442 ], [ -61.35344, -38.95451 ], [ -61.35402, -38.95451 ], [ -61.35402, -38.95442 ], [ -61.35367, -38.95442 ], [ -61.35367, -38.95424 ], [ -61.35356, -38.95424 ] ] ] } },
{ "type": "Feature", "properties": { "baseline": "ndvi_diff", "year_to": 2017, "area_m2": 699.72784560602963, "cause": "desconocido" }, "geometry": { "type": "Polygon", "coordinates": [ [ [ -61.35136, -38.95936 ], [ -61.35136, -38.95945 ], [ -61.35113, -38.95945 ], [ -61.35113, -38.95963 ], [ -61.35136, -38.95963 ], [ -61.35136, -38.95954 ], [ -61.35148, -38.95954 ], [ -61.35148, -38.95945 ], [ -61.35159, -38.95945 ], [ -61.35159, -38.95936 ], [ -61.35136, -38.95936 ] ] ] } },
{ "type": "Feature", "properties": { "baseline": "ndvi_diff", "year_to": 2017, "area_m2": 599.76298162457056, "cause": "desconocido" }, "geometry": { "type": "Polygon", "coordinates": [ [ [ -61.35102, -38.95981 ], [ -61.35102, -38.96008 ], [ -61.35125, -38.96008 ], [ -61.35125, -38.95981 ], [ -61.35102, -38.95981 ] ] ] } },
{ "type": "Feature", "properties": { "baseline": "ndvi_diff", "year_to": 2017, "area_m2": 899.59518484792568, "cause": "desconocido" }, "geometry": { "type": "Polygon", "coordinates": [ [ [ -61.32837, -38.96377 ], [ -61.32837, -38.96395 ], [ -61.32872, -38.96395 ], [ -61.32872, -38.96404 ], [ -61.32895, -38.96404 ], [ -61.32895, -38.96395 ], [ -61.32883, -38.96395 ], [ -61.32883, -38.96386 ], [ -61.32872, -38.96386 ], [ -61.32872, -38.96377 ], [ -61.32837, -38.96377 ] ] ] } },
{ "type": "Feature", "properties": { "baseline": "ndvi_diff", "year_to": 2017, "area_m2": 1499.2637043358145, "cause": "desconocido" }, "geometry": { "type": "Polygon", "coordinates": [ [ [ -61.29105, -38.96664 ], [ -61.29105, -38.96673 ], [ -61.29093, -38.96673 ], [ -61.29093, -38.967 ], [ -61.29151, -38.967 ], [ -61.29151, -38.96691 ], [ -61.29139, -38.96691 ], [ -61.29139, -38.96673 ], [ -61.29128, -38.96673 ], [ -61.29128, -38.96664 ], [ -61.29105, -38.96664 ] ] ] } },
{ "type": "Feature", "properties": { "baseline": "ndvi_diff", "year_to": 2017, "area_m2": 699.64748511574089, "cause": "desconocido" }, "geometry": { "type": "Polygon", "coordinates": [ [ [ -61.29139, -38.96763 ], [ -61.29139, -38.96781 ], [ -61.29151, -38.96781 ], [ -61.29151, -38.9679 ], [ -61.29174, -38.9679 ], [ -61.29174, -38.96772 ], [ -61.29162, -38.96772 ], [ -61.29162, -38.96763 ], [ -61.29139, -38.96763 ] ] ] } },
{ "type": "Feature", "properties": { "baseline": "ndvi_diff", "year_to": 2017, "area_m2": 699.62539591532368, "cause": "desconocido" }, "geometry": { "type": "MultiPolygon", "coordinates": [ [ [ [ -61.28481, -38.96988 ], [ -61.28457, -38.96988 ], [ -61.28457, -38.97015 ], [ -61.28481, -38.97015 ], [ -61.28481, -38.96988 ] ] ], [ [ [ -61.28481, -38.97024 ], [ -61.28492, -38.97024 ], [ -61.28492, -38.97015 ], [ -61.28481, -38.97015 ], [ -61.28481, -38.97024 ] ] ] ] } },
{ "type": "Feature", "properties": { "baseline": "ndvi_diff", "year_to": 2017, "area_m2": 499.72723739683738, "cause": "desconocido" }, "geometry": { "type": "Polygon", "coordinates": [ [ [ -61.29209, -38.97069 ], [ -61.29209, -38.97078 ], [ -61.29197, -38.97078 ], [ -61.29197, -38.97087 ], [ -61.29232, -38.97087 ], [ -61.29232, -38.97069 ], [ -61.29209, -38.97069 ] ] ] } },
{ "type": "Feature", "properties": { "baseline": "ndvi_diff", "year_to": 2017, "area_m2": 1599.1208695706123, "cause": "desconocido" }, "geometry": { "type": "Polygon", "coordinates": [ [ [ -61.31335, -38.97078 ], [ -61.31335, -38.97132 ], [ -61.31369, -38.97132 ], [ -61.31369, -38.97096 ], [ -61.31358, -38.97096 ], [ -61.31358, -38.97078 ], [ -61.31335, -38.97078 ] ] ] } },
{ "type": "Feature", "properties": { "baseline": "ndvi_diff", "year_to": 2017, "area_m2": 1699.0274524145739, "cause": "desconocido" }, "geometry": { "type": "Polygon", "coordinates": [ [ [ -61.3152, -38.97249 ], [ -61.3152, -38.97258 ], [ -61.31496, -38.97258 ], [ -61.31496, -38.97276 ], [ -61.31508, -38.97276 ], [ -61.31508, -38.97294 ], [ -61.31531, -38.97294 ], [ -61.31531, -38.97276 ], [ -61.31543, -38.97276 ], [ -61.31543, -38.97285 ], [ -61.31554, -38.97285 ], [ -61.31554, -38.97258 ], [ -61.31543, -38.97258 ], [ -61.31543, -38.97249 ], [ -61.3152, -38.97249 ] ] ] } },
{ "type": "Feature", "properties": { "baseline": "ndvi_diff", "year_to": 2017, "area_m2": 499.71201105142529, "cause": "desconocido" }, "geometry": { "type": "Polygon", "coordinates": [ [ [ -61.3145, -38.97285 ], [ -61.3145, -38.97294 ], [ -61.31462, -38.97294 ], [ -61.31462, -38.97312 ], [ -61.31485, -38.97312 ], [ -61.31485, -38.97303 ], [ -61.31473, -38.97303 ], [ -61.31473, -38.97285 ], [ -61.3145, -38.97285 ] ] ] } },
{ "type": "Feature", "properties": { "baseline": "ndvi_diff", "year_to": 2017, "area_m2": 699.59531777784514, "cause": "desconocido" }, "geometry": { "type": "Polygon", "coordinates": [ [ [ -61.31312, -38.97303 ], [ -61.31312, -38.97321 ], [ -61.31323, -38.97321 ], [ -61.31323, -38.9733 ], [ -61.31335, -38.9733 ], [ -61.31335, -38.97321 ], [ -61.31346, -38.97321 ], [ -61.31346, -38.97303 ], [ -61.31312, -38.97303 ] ] ] } },
{ "type": "Feature", "properties": { "baseline": "ndvi_diff", "year_to": 2017, "area_m2": 799.53410041299867, "cause": "desarrollo_inmobiliario" }, "geometry": { "type": "Polygon", "coordinates": [ [ [ -61.32467, -38.9733 ], [ -61.32467, -38.97357 ], [ -61.32502, -38.97357 ], [ -61.32502, -38.97339 ], [ -61.3249, -38.97339 ], [ -61.3249, -38.9733 ], [ -61.32467, -38.9733 ] ] ] } },
{ "type": "Feature", "properties": { "baseline": "ndvi_diff", "year_to": 2017, "area_m2": 899.47138548422754, "cause": "desconocido" }, "geometry": { "type": "MultiPolygon", "coordinates": [ [ [ [ -61.32479, -38.97366 ], [ -61.32444, -38.97366 ], [ -61.32444, -38.97375 ], [ -61.32479, -38.97375 ], [ -61.32479, -38.97366 ] ] ], [ [ [ -61.32479, -38.97384 ], [ -61.3249, -38.97384 ], [ -61.3249, -38.97393 ], [ -61.32502, -38.97393 ], [ -61.32502, -38.97402 ], [ -61.32513, -38.97402 ], [ -61.32513, -38.97375 ], [ -61.32479, -38.97375 ], [ -61.32479, -38.97384 ] ] ] ] } },
{ "type": "Feature", "properties": { "baseline": "ndvi_diff", "year_to": 2017, "area_m2": 599.64655023132968, "cause": "desconocido" }, "geometry": { "type": "Polygon", "coordinates": [ [ [ -61.31439, -38.97384 ], [ -61.31439, -38.97393 ], [ -61.3145, -38.97393 ], [ -61.3145, -38.97402 ], [ -61.31485, -38.97402 ], [ -61.31485, -38.97393 ], [ -61.31473, -38.97393 ], [ -61.31473, -38.97384 ], [ -61.31439, -38.97384 ] ] ] } },
{ "type": "Feature", "properties": { "baseline": "ndvi_diff", "year_to": 2017, "area_m2": 1499.1059535673867, "cause": "desconocido" }, "geometry": { "type": "Polygon", "coordinates": [ [ [ -61.31624, -38.9742 ], [ -61.31624, -38.97429 ], [ -61.31612, -38.97429 ], [ -61.31612, -38.97456 ], [ -61.31624, -38.97456 ], [ -61.31624, -38.97465 ], [ -61.31647, -38.97465 ], [ -61.31647, -38.97456 ], [ -61.31658, -38.97456 ], [ -61.31658, -38.97438 ], [ -61.31647, -38.97438 ], [ -61.31647, -38.9742 ], [ -61.31624, -38.9742 ] ] ] } },
{ "type": "Feature", "properties": { "baseline": "ndvi_diff", "year_to": 2017, "area_m2": 2698.318672704148, "cause": "desconocido" }, "geometry": { "type": "Polygon", "coordinates": [ [ [ -61.35367, -38.97617 ], [ -61.35367, -38.97626 ], [ -61.35356, -38.97626 ], [ -61.35356, -38.97635 ], [ -61.35367, -38.97635 ], [ -61.35367, -38.97644 ], [ -61.35425, -38.97644 ], [ -61.35425, -38.97653 ], [ -61.35471, -38.97653 ], [ -61.35471, -38.97635 ], [ -61.3546, -38.97635 ], [ -61.3546, -38.97626 ], [ -61.35425, -38.97626 ], [ -61.35425, -38.97617 ], [ -61.35367, -38.97617 ] ] ] } },
{ "type": "Feature", "properties": { "baseline": "ndvi_diff", "year_to": 2017, "area_m2": 2098.6390439778625, "cause": "desarrollo_inmobiliario" }, "geometry": { "type": "Polygon", "coordinates": [ [ [ -61.313, -38.97797 ], [ -61.313, -38.97815 ], [ -61.31323, -38.97815 ], [ -61.31323, -38.97824 ], [ -61.31335, -38.97824 ], [ -61.31335, -38.97833 ], [ -61.31381, -38.97833 ], [ -61.31381, -38.97824 ], [ -61.31427, -38.97824 ], [ -61.31427, -38.97815 ], [ -61.31381, -38.97815 ], [ -61.31381, -38.97806 ], [ -61.31312, -38.97806 ], [ -61.31312, -38.97797 ], [ -61.313, -38.97797 ] ] ] } },
{ "type": "Feature", "properties": { "baseline": "ndvi_diff", "year_to": 2017, "area_m2": 899.4155918672916, "cause": "desconocido" }, "geometry": { "type": "MultiPolygon", "coordinates": [ [ [ [ -61.3546, -38.97788 ], [ -61.35448, -38.97788 ], [ -61.35448, -38.97806 ], [ -61.3546, -38.97806 ], [ -61.3546, -38.97788 ] ] ], [ [ [ -61.35471, -38.97806 ], [ -61.3546, -38.97806 ], [ -61.3546, -38.97833 ], [ -61.35471, -38.97833 ], [ -61.35471, -38.97806 ] ] ], [ [ [ -61.35471, -38.97851 ], [ -61.35483, -38.97851 ], [ -61.35483, -38.9786 ], [ -61.35495, -38.9786 ], [ -61.35495, -38.97842 ], [ -61.35483, -38.97842 ], [ -61.35483, -38.97833 ], [ -61.35471, -38.97833 ], [ -61.35471, -38.97851 ] ] ] ] } },
{ "type": "Feature", "properties": { "baseline": "ndvi_diff", "year_to": 2017, "area_m2": 799.47268984889683, "cause": "desconocido" }, "geometry": { "type": "MultiPolygon", "coordinates": [ [ [ [ -61.35495, -38.97914 ], [ -61.35495, -38.97878 ], [ -61.35471, -38.97878 ], [ -61.35471, -38.97905 ], [ -61.35483, -38.97905 ], [ -61.35483, -38.97914 ], [ -61.35495, -38.97914 ] ] ], [ [ [ -61.35471, -38.97914 ], [ -61.35471, -38.97923 ], [ -61.35483, -38.97923 ], [ -61.35483, -38.97914 ], [ -61.35471, -38.97914 ] ] ] ] } },
{ "type": "Feature", "properties": { "baseline": "ndvi_diff", "year_to": 2017, "area_m2": 1898.7157918437767, "cause": "desconocido" }, "geometry": { "type": "Polygon", "coordinates": [ [ [ -61.35575, -38.98004 ], [ -61.35575, -38.98013 ], [ -61.35541, -38.98013 ], [ -61.35541, -38.98022 ], [ -61.35552, -38.98022 ], [ -61.35552, -38.98031 ], [ -61.35622, -38.98031 ], [ -61.35622, -38.98022 ], [ -61.35633, -38.98022 ], [ -61.35633, -38.98004 ], [ -61.35575, -38.98004 ] ] ] } },
{ "type": "Feature", "properties": { "baseline": "ndvi_diff", "year_to": 2017, "area_m2": 7894.6996130898879, "cause": "desconocido" }, "geometry": { "type": "Polygon", "coordinates": [ [ [ -61.35333, -38.97896 ], [ -61.35333, -38.9795 ], [ -61.35344, -38.9795 ], [ -61.35344, -38.97968 ], [ -61.35356, -38.97968 ], [ -61.35356, -38.97995 ], [ -61.35367, -38.97995 ], [ -61.35367, -38.98004 ], [ -61.35379, -38.98004 ], [ -61.35379, -38.98022 ], [ -61.35414, -38.98022 ], [ -61.35414, -38.98013 ], [ -61.35437, -38.98013 ], [ -61.35437, -38.98031 ], [ -61.35448, -38.98031 ], [ -61.35448, -38.9804 ], [ -61.35495, -38.9804 ], [ -61.35495, -38.98031 ], [ -61.35506, -38.98031 ], [ -61.35506, -38.98013 ], [ -61.35471, -38.98013 ], [ -61.35471, -38.98004 ], [ -61.3546, -38.98004 ], [ -61.3546, -38.97995 ], [ -61.35448, -38.97995 ], [ -61.35448, -38.97977 ], [ -61.35414, -38.97977 ], [ -61.35414, -38.97986 ], [ -61.35402, -38.97986 ], [ -61.35402, -38.97977 ], [ -61.35391, -38.97977 ], [ -61.35391, -38.9795 ], [ -61.35379, -38.9795 ], [ -61.35379, -38.97932 ], [ -61.35367, -38.97932 ], [ -61.35367, -38.97914 ], [ -61.35356, -38.97914 ], [ -61.35356, -38.97896 ], [ -61.35333, -38.97896 ] ] ] } },
{ "type": "Feature", "properties": { "baseline": "ndvi_diff", "year_to": 2017, "area_m2": 499.66108467454478, "cause": "desconocido" }, "geometry": { "type": "MultiPolygon", "coordinates": [ [ [ [ -61.36234, -38.98022 ], [ -61.36234, -38.98013 ], [ -61.36223, -38.98013 ], [ -61.36223, -38.98022 ], [ -61.36234, -38.98022 ] ] ], [ [ [ -61.36223, -38.98031 ], [ -61.36223, -38.98022 ], [ -61.36211, -38.98022 ], [ -61.36211, -38.98031 ], [ -61.36223, -38.98031 ] ] ], [ [ [ -61.36211, -38.9804 ], [ -61.36211, -38.98031 ], [ -61.36188, -38.98031 ], [ -61.36188, -38.9804 ], [ -61.36211, -38.9804 ] ] ], [ [ [ -61.36176, -38.9804 ], [ -61.36176, -38.98049 ], [ -61.36188, -38.98049 ], [ -61.36188, -38.9804 ], [ -61.36176, -38.9804 ] ] ] ] } },
{ "type": "Feature", "properties": { "baseline": "ndvi_diff", "year_to": 2017, "area_m2": 799.45858432741898, "cause": "desconocido" }, "geometry": { "type": "MultiPolygon", "coordinates": [ [ [ [ -61.35876, -38.97995 ], [ -61.35864, -38.97995 ], [ -61.35864, -38.98004 ], [ -61.35876, -38.98004 ], [ -61.35876, -38.97995 ] ] ], [ [ [ -61.35887, -38.98004 ], [ -61.35876, -38.98004 ], [ -61.35876, -38.98013 ], [ -61.35887, -38.98013 ], [ -61.35887, -38.98004 ] ] ], [ [ [ -61.35899, -38.98013 ], [ -61.35887, -38.98013 ], [ -61.35887, -38.98022 ], [ -61.35899, -38.98022 ], [ -61.35899, -38.98013 ] ] ], [ [ [ -61.35899, -38.98031 ], [ -61.35911, -38.98031 ], [ -61.35911, -38.9804 ], [ -61.35922, -38.9804 ], [ -61.35922, -38.98049 ], [ -61.35934, -38.98049 ], [ -61.35934, -38.98031 ], [ -61.35922, -38.98031 ], [ -61.35922, -38.98022 ], [ -61.35899, -38.98022 ], [ -61.35899, -38.98031 ] ] ] ] } },
{ "type": "Feature", "properties": { "baseline": "ndvi_diff", "year_to": 2017, "area_m2": 499.65858806821632, "cause": "desconocido" }, "geometry": { "type": "Polygon", "coordinates": [ [ [ -61.35679, -38.98049 ], [ -61.35679, -38.98076 ], [ -61.35691, -38.98076 ], [ -61.35691, -38.98085 ], [ -61.35703, -38.98085 ], [ -61.35703, -38.98067 ], [ -61.35691, -38.98067 ], [ -61.35691, -38.98049 ], [ -61.35679, -38.98049 ] ] ] } },
{ "type": "Feature", "properties": { "baseline": "ndvi_diff", "year_to": 2017, "area_m2": 3397.6367549675069, "cause": "desconocido" }, "geometry": { "type": "Polygon", "coordinates": [ [ [ -61.35679, -38.98103 ], [ -61.35679, -38.98112 ], [ -61.35668, -38.98112 ], [ -61.35668, -38.9813 ], [ -61.35656, -38.9813 ], [ -61.35656, -38.98148 ], [ -61.35633, -38.98148 ], [ -61.35633, -38.98157 ], [ -61.35622, -38.98157 ], [ -61.35622, -38.98175 ], [ -61.35599, -38.98175 ], [ -61.35599, -38.98184 ], [ -61.35633, -38.98184 ], [ -61.35633, -38.98193 ], [ -61.35645, -38.98193 ], [ -61.35645, -38.98202 ], [ -61.35656, -38.98202 ], [ -61.35656, -38.98193 ], [ -61.35668, -38.98193 ], [ -61.35668, -38.98184 ], [ -61.35656, -38.98184 ], [ -61.35656, -38.98175 ], [ -61.35668, -38.98175 ], [ -61.35668, -38.98166 ], [ -61.35679, -38.98166 ], [ -61.35679, -38.98148 ], [ -61.35691, -38.98148 ], [ -61.35691, -38.9813 ], [ -61.35703, -38.9813 ], [ -61.35703, -38.98121 ], [ -61.35691, -38.98121 ], [ -61.35691, -38.98103 ], [ -61.35679, -38.98103 ] ] ] } },
{ "type": "Feature", "properties": { "baseline": "ndvi_diff", "year_to": 2017, "area_m2": 2298.3254923681984, "cause": "desarrollo_inmobiliario" }, "geometry": { "type": "Polygon", "coordinates": [ [ [ -61.27094, -38.98373 ], [ -61.27094, -38.98391 ], [ -61.27105, -38.98391 ], [ -61.27105, -38.98409 ], [ -61.27117, -38.98409 ], [ -61.27117, -38.98418 ], [ -61.27152, -38.98418 ], [ -61.27152, -38.98409 ], [ -61.27163, -38.98409 ], [ -61.27163, -38.98391 ], [ -61.27152, -38.98391 ], [ -61.27152, -38.98373 ], [ -61.27094, -38.98373 ] ] ] } },
{ "type": "Feature", "properties": { "baseline": "ndvi_diff", "year_to": 2017, "area_m2": 2298.3246184803475, "cause": "desarrollo_inmobiliario" }, "geometry": { "type": "Polygon", "coordinates": [ [ [ -61.27186, -38.98373 ], [ -61.27186, -38.98391 ], [ -61.27175, -38.98391 ], [ -61.27175, -38.98409 ], [ -61.27209, -38.98409 ], [ -61.27209, -38.984 ], [ -61.27221, -38.984 ], [ -61.27221, -38.98418 ], [ -61.27256, -38.98418 ], [ -61.27256, -38.98391 ], [ -61.27244, -38.98391 ], [ -61.27244, -38.98382 ], [ -61.27209, -38.98382 ], [ -61.27209, -38.98373 ], [ -61.27186, -38.98373 ] ] ] } },
{ "type": "Feature", "properties": { "baseline": "ndvi_diff", "year_to": 2017, "area_m2": 499.63299672775781, "cause": "desarrollo_inmobiliario" }, "geometry": { "type": "Polygon", "coordinates": [ [ [ -61.27105, -38.98427 ], [ -61.27105, -38.98436 ], [ -61.27094, -38.98436 ], [ -61.27094, -38.98445 ], [ -61.27129, -38.98445 ], [ -61.27129, -38.98427 ], [ -61.27105, -38.98427 ] ] ] } },
{ "type": "Feature", "properties": { "baseline": "ndvi_diff", "year_to": 2017, "area_m2": 1099.1363621311186, "cause": "desarrollo_inmobiliario" }, "geometry": { "type": "Polygon", "coordinates": [ [ [ -61.27383, -38.98777 ], [ -61.27383, -38.98786 ], [ -61.27371, -38.98786 ], [ -61.27371, -38.98795 ], [ -61.27383, -38.98795 ], [ -61.27383, -38.98813 ], [ -61.27394, -38.98813 ], [ -61.27394, -38.9884 ], [ -61.27406, -38.9884 ], [ -61.27406, -38.98786 ], [ -61.27394, -38.98786 ], [ -61.27394, -38.98777 ], [ -61.27383, -38.98777 ] ] ] } },
{ "type": "Feature", "properties": { "baseline": "ndvi_diff", "year_to": 2017, "area_m2": 4496.4638828048464, "cause": "desconocido" }, "geometry": { "type": "Polygon", "coordinates": [ [ [ -61.2729, -38.98786 ], [ -61.2729, -38.98795 ], [ -61.27221, -38.98795 ], [ -61.27221, -38.98804 ], [ -61.27198, -38.98804 ], [ -61.27198, -38.98795 ], [ -61.27175, -38.98795 ], [ -61.27175, -38.98804 ], [ -61.27129, -38.98804 ], [ -61.27129, -38.98813 ], [ -61.27117, -38.98813 ], [ -61.27117, -38.98822 ], [ -61.2714, -38.98822 ], [ -61.2714, -38.98831 ], [ -61.27163, -38.98831 ], [ -61.27163, -38.9884 ], [ -61.27175, -38.9884 ], [ -61.27175, -38.98831 ], [ -61.27186, -38.98831 ], [ -61.27186, -38.98822 ], [ -61.27221, -38.98822 ], [ -61.27221, -38.98813 ], [ -61.27256, -38.98813 ], [ -61.27256, -38.98831 ], [ -61.27267, -38.98831 ], [ -61.27267, -38.98813 ], [ -61.27279, -38.98813 ], [ -61.27279, -38.98804 ], [ -61.27302, -38.98804 ], [ -61.27302, -38.98795 ], [ -61.27325, -38.98795 ], [ -61.27325, -38.98804 ], [ -61.27337, -38.98804 ], [ -61.27337, -38.98813 ], [ -61.27348, -38.98813 ], [ -61.27348, -38.98795 ], [ -61.27337, -38.98795 ], [ -61.27337, -38.98786 ], [ -61.2729, -38.98786 ] ] ] } },
{ "type": "Feature", "properties": { "baseline": "ndvi_diff", "year_to": 2017, "area_m2": 6894.5907049517264, "cause": "desarrollo_inmobiliario" }, "geometry": { "type": "Polygon", "coordinates": [ [ [ -61.27533, -38.98768 ], [ -61.27533, -38.98777 ], [ -61.27487, -38.98777 ], [ -61.27487, -38.98768 ], [ -61.27464, -38.98768 ], [ -61.27464, -38.98777 ], [ -61.27429, -38.98777 ], [ -61.27429, -38.98786 ], [ -61.27475, -38.98786 ], [ -61.27475, -38.98804 ], [ -61.27464, -38.98804 ], [ -61.27464, -38.9884 ], [ -61.27475, -38.9884 ], [ -61.27475, -38.98876 ], [ -61.27498, -38.98876 ], [ -61.27498, -38.98867 ], [ -61.27487, -38.98867 ], [ -61.27487, -38.98849 ], [ -61.27498, -38.98849 ], [ -61.27498, -38.98831 ], [ -61.27487, -38.98831 ], [ -61.27487, -38.98804 ], [ -61.27498, -38.98804 ], [ -61.27498, -38.98795 ], [ -61.27533, -38.98795 ], [ -61.27533, -38.98786 ], [ -61.27556, -38.98786 ], [ -61.27556, -38.98795 ], [ -61.27579, -38.98795 ], [ -61.27579, -38.98804 ], [ -61.27591, -38.98804 ], [ -61.27591, -38.98831 ], [ -61.27602, -38.98831 ], [ -61.27602, -38.98795 ], [ -61.27637, -38.98795 ], [ -61.27637, -38.98786 ], [ -61.27672, -38.98786 ], [ -61.27672, -38.98768 ], [ -61.27533, -38.98768 ] ] ] } },
{ "type": "Feature", "properties": { "baseline": "ndvi_diff", "year_to": 2017, "area_m2": 1099.1284965003392, "cause": "desconocido" }, "geometry": { "type": "Polygon", "coordinates": [ [ [ -61.27198, -38.98831 ], [ -61.27198, -38.98876 ], [ -61.27209, -38.98876 ], [ -61.27209, -38.98885 ], [ -61.27221, -38.98885 ], [ -61.27221, -38.98831 ], [ -61.27198, -38.98831 ] ] ] } },
{ "type": "Feature", "properties": { "baseline": "ndvi_diff", "year_to": 2017, "area_m2": 499.59966242289556, "cause": "desarrollo_inmobiliario" }, "geometry": { "type": "MultiPolygon", "coordinates": [ [ [ [ -61.21282, -38.98894 ], [ -61.2127, -38.98894 ], [ -61.2127, -38.9893 ], [ -61.21282, -38.9893 ], [ -61.21282, -38.98894 ] ] ], [ [ [ -61.21282, -38.98939 ], [ -61.21293, -38.98939 ], [ -61.21293, -38.9893 ], [ -61.21282, -38.9893 ], [ -61.21282, -38.98939 ] ] ] ] } },
{ "type": "Feature", "properties": { "baseline": "ndvi_diff", "year_to": 2017, "area_m2": 799.34947134013396, "cause": "desconocido" }, "geometry": { "type": "Polygon", "coordinates": [ [ [ -61.21744, -38.98993 ], [ -61.21744, -38.99011 ], [ -61.21755, -38.99011 ], [ -61.21755, -38.99029 ], [ -61.21767, -38.99029 ], [ -61.21767, -38.99011 ], [ -61.21779, -38.99011 ], [ -61.21779, -38.98993 ], [ -61.21744, -38.98993 ] ] ] } },
{ "type": "Feature", "properties": { "baseline": "ndvi_diff", "year_to": 2017, "area_m2": 699.42816552423392, "cause": "desarrollo_inmobiliario" }, "geometry": { "type": "Polygon", "coordinates": [ [ [ -61.20242, -38.9902 ], [ -61.20242, -38.99029 ], [ -61.2023, -38.99029 ], [ -61.2023, -38.99038 ], [ -61.20242, -38.99038 ], [ -61.20242, -38.99047 ], [ -61.20265, -38.99047 ], [ -61.20265, -38.9902 ], [ -61.20242, -38.9902 ] ] ] } },
{ "type": "Feature", "properties": { "baseline": "ndvi_diff", "year_to": 2017, "area_m2": 599.50311376965988, "cause": "desarrollo_inmobiliario" }, "geometry": { "type": "Polygon", "coordinates": [ [ [ -61.20323, -38.99092 ], [ -61.20323, -38.99119 ], [ -61.20311, -38.99119 ], [ -61.20311, -38.99128 ], [ -61.20346, -38.99128 ], [ -61.20346, -38.99119 ], [ -61.20334, -38.99119 ], [ -61.20334, -38.99092 ], [ -61.20323, -38.99092 ] ] ] } },
{ "type": "Feature", "properties": { "baseline": "ndvi_diff", "year_to": 2017, "area_m2": 799.30864158843383, "cause": "desarrollo_inmobiliario" }, "geometry": { "type": "Polygon", "coordinates": [ [ [ -61.20161, -38.99362 ], [ -61.20161, -38.99389 ], [ -61.20184, -38.99389 ], [ -61.20184, -38.9938 ], [ -61.20195, -38.9938 ], [ -61.20195, -38.99362 ], [ -61.20161, -38.99362 ] ] ] } },
{ "type": "Feature", "properties": { "baseline": "ndvi_diff", "year_to": 2017, "area_m2": 2198.0156314927767, "cause": "desconocido" }, "geometry": { "type": "MultiPolygon", "coordinates": [ [ [ [ -61.17977, -38.9964 ], [ -61.17977, -38.99649 ], [ -61.18012, -38.99649 ], [ -61.18012, -38.99658 ], [ -61.18104, -38.99658 ], [ -61.18104, -38.99649 ], [ -61.18115, -38.99649 ], [ -61.18115, -38.9964 ], [ -61.18081, -38.9964 ], [ -61.18081, -38.99649 ], [ -61.18035, -38.99649 ], [ -61.18035, -38.9964 ], [ -61.18, -38.9964 ], [ -61.18, -38.99631 ], [ -61.17942, -38.99631 ], [ -61.17942, -38.9964 ], [ -61.17977, -38.9964 ] ] ], [ [ [ -61.17931, -38.9964 ], [ -61.17931, -38.99649 ], [ -61.17942, -38.99649 ], [ -61.17942, -38.9964 ], [ -61.17931, -38.9964 ] ] ] ] } },
{ "type": "Feature", "properties": { "baseline": "ndvi_diff", "year_to": 2017, "area_m2": 499.54821817514113, "cause": "desconocido" }, "geometry": { "type": "Polygon", "coordinates": [ [ [ -61.17838, -38.99649 ], [ -61.17838, -38.99658 ], [ -61.17827, -38.99658 ], [ -61.17827, -38.99667 ], [ -61.1785, -38.99667 ], [ -61.1785, -38.99658 ], [ -61.17873, -38.99658 ], [ -61.17873, -38.99649 ], [ -61.17838, -38.99649 ] ] ] } },
{ "type": "Feature", "properties": { "baseline": "veg_to_built", "year_to": 2017, "area_m2": 599.65840716061484, "cause": "desarrollo_inmobiliario" }, "geometry": { "type": "Polygon", "coordinates": [ [ [ -61.3197, -38.9724 ], [ -61.3197, -38.97249 ], [ -61.31947, -38.97249 ], [ -61.31947, -38.97258 ], [ -61.31993, -38.97258 ], [ -61.31993, -38.9724 ], [ -61.3197, -38.9724 ] ] ] } },
{ "type": "Feature", "properties": { "baseline": "veg_to_built", "year_to": 2017, "area_m2": 599.56304165101608, "cause": "desarrollo_inmobiliario" }, "geometry": { "type": "Polygon", "coordinates": [ [ [ -61.27221, -38.98382 ], [ -61.27221, -38.98391 ], [ -61.27233, -38.98391 ], [ -61.27233, -38.98409 ], [ -61.27256, -38.98409 ], [ -61.27256, -38.98391 ], [ -61.27244, -38.98391 ], [ -61.27244, -38.98382 ], [ -61.27221, -38.98382 ] ] ] } },
{ "type": "Feature", "properties": { "baseline": "veg_to_built", "year_to": 2017, "area_m2": 1099.1402324555593, "cause": "desarrollo_inmobiliario" }, "geometry": { "type": "Polygon", "coordinates": [ [ [ -61.27614, -38.98768 ], [ -61.27614, -38.98795 ], [ -61.27637, -38.98795 ], [ -61.27637, -38.98786 ], [ -61.2766, -38.98786 ], [ -61.2766, -38.98777 ], [ -61.27672, -38.98777 ], [ -61.27672, -38.98768 ], [ -61.27614, -38.98768 ] ] ] } },
{ "type": "Feature", "properties": { "baseline": "veg_to_built", "year_to": 2017, "area_m2": 2897.6819124165027, "cause": "desarrollo_inmobiliario" }, "geometry": { "type": "Polygon", "coordinates": [ [ [ -61.21316, -38.98921 ], [ -61.21316, -38.98894 ], [ -61.21305, -38.98894 ], [ -61.21305, -38.98885 ], [ -61.21224, -38.98885 ], [ -61.21224, -38.98894 ], [ -61.21235, -38.98894 ], [ -61.21235, -38.98903 ], [ -61.21259, -38.98903 ], [ -61.21259, -38.98939 ], [ -61.21293, -38.98939 ], [ -61.21293, -38.98921 ], [ -61.21316, -38.98921 ] ], [ [ -61.21282, -38.98921 ], [ -61.21282, -38.98912 ], [ -61.21293, -38.98912 ], [ -61.21293, -38.98921 ], [ -61.21282, -38.98921 ] ] ] } },
{ "type": "Feature", "properties": { "baseline": "veg_to_built", "year_to": 2017, "area_m2": 599.49187617228608, "cause": "desarrollo_inmobiliario" }, "geometry": { "type": "Polygon", "coordinates": [ [ [ -61.2023, -38.99236 ], [ -61.2023, -38.99245 ], [ -61.20207, -38.99245 ], [ -61.20207, -38.99263 ], [ -61.20219, -38.99263 ], [ -61.20219, -38.99254 ], [ -61.20253, -38.99254 ], [ -61.20253, -38.99245 ], [ -61.20242, -38.99245 ], [ -61.20242, -38.99236 ], [ -61.2023, -38.99236 ] ] ] } },
{ "type": "Feature", "properties": { "baseline": "veg_to_built", "year_to": 2017, "area_m2": 799.30864158843383, "cause": "desarrollo_inmobiliario" }, "geometry": { "type": "Polygon", "coordinates": [ [ [ -61.20161, -38.99362 ], [ -61.20161, -38.99389 ], [ -61.20184, -38.99389 ], [ -61.20184, -38.9938 ], [ -61.20195, -38.9938 ], [ -61.20195, -38.99362 ], [ -61.20161, -38.99362 ] ] ] } },
{ "type": "Feature", "properties": { "baseline": "ndvi_diff", "year_to": 2018, "area_m2": 8297.6612004554609, "cause": "desconocido" }, "geometry": { "type": "Polygon", "coordinates": [ [ [ -61.3531, -38.95136 ], [ -61.3531, -38.95145 ], [ -61.35321, -38.95145 ], [ -61.35321, -38.95154 ], [ -61.35333, -38.95154 ], [ -61.35333, -38.95163 ], [ -61.35321, -38.95163 ], [ -61.35321, -38.95172 ], [ -61.3531, -38.95172 ], [ -61.3531, -38.95154 ], [ -61.35298, -38.95154 ], [ -61.35298, -38.95145 ], [ -61.35287, -38.95145 ], [ -61.35287, -38.95163 ], [ -61.35275, -38.95163 ], [ -61.35275, -38.95181 ], [ -61.3524, -38.95181 ], [ -61.3524, -38.9519 ], [ -61.35217, -38.9519 ], [ -61.35217, -38.95199 ], [ -61.3524, -38.95199 ], [ -61.3524, -38.95208 ], [ -61.35275, -38.95208 ], [ -61.35275, -38.9519 ], [ -61.35321, -38.9519 ], [ -61.35321, -38.95199 ], [ -61.35333, -38.95199 ], [ -61.35333, -38.95208 ], [ -61.35414, -38.95208 ], [ -61.35414, -38.9519 ], [ -61.35448, -38.9519 ], [ -61.35448, -38.95172 ], [ -61.35414, -38.95172 ], [ -61.35414, -38.95163 ], [ -61.35402, -38.95163 ], [ -61.35402, -38.95154 ], [ -61.35356, -38.95154 ], [ -61.35356, -38.95136 ], [ -61.3531, -38.95136 ] ] ] } },
{ "type": "Feature", "properties": { "baseline": "ndvi_diff", "year_to": 2018, "area_m2": 599.58114301714238, "cause": "desarrollo_inmobiliario" }, "geometry": { "type": "Polygon", "coordinates": [ [ [ -61.27279, -38.98166 ], [ -61.27279, -38.98184 ], [ -61.2729, -38.98184 ], [ -61.2729, -38.98193 ], [ -61.27302, -38.98193 ], [ -61.27302, -38.98184 ], [ -61.27313, -38.98184 ], [ -61.27313, -38.98175 ], [ -61.27302, -38.98175 ], [ -61.27302, -38.98166 ], [ -61.27279, -38.98166 ] ] ] } },
{ "type": "Feature", "properties": { "baseline": "ndvi_diff", "year_to": 2018, "area_m2": 899.30286445688603, "cause": "desarrollo_inmobiliario" }, "geometry": { "type": "Polygon", "coordinates": [ [ [ -61.34813, -38.98714 ], [ -61.34813, -38.98723 ], [ -61.34801, -38.98723 ], [ -61.34801, -38.98732 ], [ -61.3479, -38.98732 ], [ -61.3479, -38.98741 ], [ -61.34801, -38.98741 ], [ -61.34801, -38.9875 ], [ -61.34813, -38.9875 ], [ -61.34813, -38.98732 ], [ -61.34836, -38.98732 ], [ -61.34836, -38.98723 ], [ -61.34847, -38.98723 ], [ -61.34847, -38.98714 ], [ -61.34813, -38.98714 ] ] ] } },
{ "type": "Feature", "properties": { "baseline": "ndvi_diff", "year_to": 2018, "area_m2": 699.44676886777108, "cause": "desarrollo_inmobiliario" }, "geometry": { "type": "Polygon", "coordinates": [ [ [ -61.27417, -38.98831 ], [ -61.27417, -38.9884 ], [ -61.27429, -38.9884 ], [ -61.27429, -38.98849 ], [ -61.27452, -38.98849 ], [ -61.27452, -38.98858 ], [ -61.27464, -38.98858 ], [ -61.27464, -38.9884 ], [ -61.27452, -38.9884 ], [ -61.27452, -38.98831 ], [ -61.27417, -38.98831 ] ] ] } },
{ "type": "Feature", "properties": { "baseline": "ndvi_diff", "year_to": 2018, "area_m2": 499.55021622817384, "cause": "desconocido" }, "geometry": { "type": "MultiPolygon", "coordinates": [ [ [ [ -61.17988, -38.99622 ], [ -61.17942, -38.99622 ], [ -61.17942, -38.99631 ], [ -61.17988, -38.99631 ], [ -61.17988, -38.99622 ] ] ], [ [ [ -61.17988, -38.9964 ], [ -61.18, -38.9964 ], [ -61.18, -38.99631 ], [ -61.17988, -38.99631 ], [ -61.17988, -38.9964 ] ] ] ] } },
{ "type": "Feature", "properties": { "baseline": "veg_to_built", "year_to": 2018, "area_m2": 499.5927953375388, "cause": "desarrollo_inmobiliario" }, "geometry": { "type": "Polygon", "coordinates": [ [ [ -61.22345, -38.99002 ], [ -61.22345, -38.99011 ], [ -61.22333, -38.99011 ], [ -61.22333, -38.9902 ], [ -61.22345, -38.9902 ], [ -61.22345, -38.99029 ], [ -61.22356, -38.99029 ], [ -61.22356, -38.9902 ], [ -61.22368, -38.9902 ], [ -61.22368, -38.99011 ], [ -61.22356, -38.99011 ], [ -61.22356, -38.99002 ], [ -61.22345, -38.99002 ] ] ] } },
{ "type": "Feature", "properties": { "baseline": "ndvi_diff", "year_to": 2019, "area_m2": 599.71806057087997, "cause": "desarrollo_inmobiliario" }, "geometry": { "type": "Polygon", "coordinates": [ [ [ -61.36061, -38.96521 ], [ -61.36061, -38.96548 ], [ -61.36084, -38.96548 ], [ -61.36084, -38.96521 ], [ -61.36061, -38.96521 ] ] ] } },
{ "type": "Feature", "properties": { "baseline": "ndvi_diff", "year_to": 2019, "area_m2": 499.71800181919764, "cause": "desconocido" }, "geometry": { "type": "Polygon", "coordinates": [ [ [ -61.32502, -38.97204 ], [ -61.32502, -38.97222 ], [ -61.32525, -38.97222 ], [ -61.32525, -38.97213 ], [ -61.32536, -38.97213 ], [ -61.32536, -38.97204 ], [ -61.32502, -38.97204 ] ] ] } },
{ "type": "Feature", "properties": { "baseline": "ndvi_diff", "year_to": 2019, "area_m2": 499.678934757771, "cause": "desconocido" }, "geometry": { "type": "Polygon", "coordinates": [ [ [ -61.284, -38.9777 ], [ -61.284, -38.97779 ], [ -61.28457, -38.97779 ], [ -61.28457, -38.9777 ], [ -61.284, -38.9777 ] ] ] } },
{ "type": "Feature", "properties": { "baseline": "ndvi_diff", "year_to": 2019, "area_m2": 799.48592122334435, "cause": "desconocido" }, "geometry": { "type": "Polygon", "coordinates": [ [ [ -61.28504, -38.97761 ], [ -61.28504, -38.97788 ], [ -61.28515, -38.97788 ], [ -61.28515, -38.97797 ], [ -61.28527, -38.97797 ], [ -61.28527, -38.97788 ], [ -61.28538, -38.97788 ], [ -61.28538, -38.97779 ], [ -61.28527, -38.97779 ], [ -61.28527, -38.97761 ], [ -61.28504, -38.97761 ] ] ] } },
{ "type": "Feature", "properties": { "baseline": "ndvi_diff", "year_to": 2019, "area_m2": 499.64735309603128, "cause": "desconocido" }, "geometry": { "type": "Polygon", "coordinates": [ [ [ -61.33576, -38.9822 ], [ -61.33576, -38.98229 ], [ -61.33588, -38.98229 ], [ -61.33588, -38.98238 ], [ -61.33623, -38.98238 ], [ -61.33623, -38.98229 ], [ -61.33599, -38.98229 ], [ -61.33599, -38.9822 ], [ -61.33576, -38.9822 ] ] ] } },
{ "type": "Feature", "properties": { "baseline": "ndvi_diff", "year_to": 2019, "area_m2": 2798.0312693210799, "cause": "desconocido" }, "geometry": { "type": "Polygon", "coordinates": [ [ [ -61.33865, -38.98184 ], [ -61.33865, -38.98202 ], [ -61.33877, -38.98202 ], [ -61.33877, -38.98211 ], [ -61.33888, -38.98211 ], [ -61.33888, -38.9822 ], [ -61.339, -38.9822 ], [ -61.339, -38.98229 ], [ -61.33946, -38.98229 ], [ -61.33946, -38.98238 ], [ -61.33969, -38.98238 ], [ -61.33969, -38.98247 ], [ -61.33981, -38.98247 ], [ -61.33981, -38.98229 ], [ -61.33969, -38.98229 ], [ -61.33969, -38.9822 ], [ -61.33958, -38.9822 ], [ -61.33958, -38.98202 ], [ -61.339, -38.98202 ], [ -61.339, -38.98193 ], [ -61.33888, -38.98193 ], [ -61.33888, -38.98184 ], [ -61.33865, -38.98184 ] ] ] } },
{ "type": "Feature", "properties": { "baseline": "ndvi_diff", "year_to": 2019, "area_m2": 5496.1574603066611, "cause": "desconocido" }, "geometry": { "type": "MultiPolygon", "coordinates": [ [ [ [ -61.26897, -38.98112 ], [ -61.26909, -38.98112 ], [ -61.26909, -38.98103 ], [ -61.26921, -38.98103 ], [ -61.26921, -38.98094 ], [ -61.26932, -38.98094 ], [ -61.26932, -38.98076 ], [ -61.26921, -38.98076 ], [ -61.26921, -38.98067 ], [ -61.26909, -38.98067 ], [ -61.26909, -38.98076 ], [ -61.26897, -38.98076 ], [ -61.26897, -38.98094 ], [ -61.26886, -38.98094 ], [ -61.26886, -38.9813 ], [ -61.26874, -38.9813 ], [ -61.26874, -38.98157 ], [ -61.26886, -38.98157 ], [ -61.26886, -38.98175 ], [ -61.26897, -38.98175 ], [ -61.26897, -38.98112 ] ] ], [ [ [ -61.26897, -38.98193 ], [ -61.26909, -38.98193 ], [ -61.26909, -38.98211 ], [ -61.26897, -38.98211 ], [ -61.26897, -38.98229 ], [ -61.26909, -38.98229 ], [ -61.26909, -38.98247 ], [ -61.26921, -38.98247 ], [ -61.26921, -38.98256 ], [ -61.26932, -38.98256 ], [ -61.26932, -38.98274 ], [ -61.26944, -38.98274 ], [ -61.26944, -38.98283 ], [ -61.26955, -38.98283 ], [ -61.26955, -38.98238 ], [ -61.26944, -38.98238 ], [ -61.26944, -38.98193 ], [ -61.26932, -38.98193 ], [ -61.26932, -38.98184 ], [ -61.26909, -38.98184 ], [ -61.26909, -38.98175 ], [ -61.26897, -38.98175 ], [ -61.26897, -38.98193 ] ] ] ] } },
{ "type": "Feature", "properties": { "baseline": "ndvi_diff", "year_to": 2019, "area_m2": 3197.6870330115316, "cause": "desarrollo_inmobiliario" }, "geometry": { "type": "Polygon", "coordinates": [ [ [ -61.26955, -38.98337 ], [ -61.26955, -38.98355 ], [ -61.26944, -38.98355 ], [ -61.26944, -38.984 ], [ -61.26955, -38.984 ], [ -61.26955, -38.98373 ], [ -61.26967, -38.98373 ], [ -61.26967, -38.98346 ], [ -61.27013, -38.98346 ], [ -61.27013, -38.98355 ], [ -61.27025, -38.98355 ], [ -61.27025, -38.98364 ], [ -61.27036, -38.98364 ], [ -61.27036, -38.98382 ], [ -61.27059, -38.98382 ], [ -61.27059, -38.98355 ], [ -61.27082, -38.98355 ], [ -61.27082, -38.98337 ], [ -61.26955, -38.98337 ] ] ] } },
{ "type": "Feature", "properties": { "baseline": "ndvi_diff", "year_to": 2019, "area_m2": 899.31472498720973, "cause": "desarrollo_inmobiliario" }, "geometry": { "type": "Polygon", "coordinates": [ [ [ -61.34917, -38.98615 ], [ -61.34917, -38.9866 ], [ -61.34928, -38.9866 ], [ -61.34928, -38.98642 ], [ -61.3494, -38.98642 ], [ -61.3494, -38.98633 ], [ -61.34951, -38.98633 ], [ -61.34951, -38.98624 ], [ -61.3494, -38.98624 ], [ -61.3494, -38.98615 ], [ -61.34917, -38.98615 ] ] ] } },
{ "type": "Feature", "properties": { "baseline": "ndvi_diff", "year_to": 2019, "area_m2": 699.46499688753556, "cause": "desconocido" }, "geometry": { "type": "Polygon", "coordinates": [ [ [ -61.34813, -38.98642 ], [ -61.34813, -38.98651 ], [ -61.34801, -38.98651 ], [ -61.34801, -38.9866 ], [ -61.34836, -38.9866 ], [ -61.34836, -38.98669 ], [ -61.34847, -38.98669 ], [ -61.34847, -38.98651 ], [ -61.34836, -38.98651 ], [ -61.34836, -38.98642 ], [ -61.34813, -38.98642 ] ] ] } },
{ "type": "Feature", "properties": { "baseline": "ndvi_diff", "year_to": 2019, "area_m2": 499.59391900024281, "cause": "desarrollo_inmobiliario" }, "geometry": { "type": "Polygon", "coordinates": [ [ [ -61.21825, -38.98984 ], [ -61.21825, -38.98993 ], [ -61.21813, -38.98993 ], [ -61.21813, -38.99011 ], [ -61.21836, -38.99011 ], [ -61.21836, -38.98984 ], [ -61.21825, -38.98984 ] ] ] } },
{ "type": "Feature", "properties": { "baseline": "ndvi_diff", "year_to": 2019, "area_m2": 3597.0063214181446, "cause": "desconocido" }, "geometry": { "type": "MultiPolygon", "coordinates": [ [ [ [ -61.183, -38.99119 ], [ -61.183, -38.99101 ], [ -61.18289, -38.99101 ], [ -61.18289, -38.9911 ], [ -61.18266, -38.9911 ], [ -61.18266, -38.99119 ], [ -61.183, -38.99119 ] ] ], [ [ [ -61.18254, -38.99119 ], [ -61.18254, -38.99128 ], [ -61.18231, -38.99128 ], [ -61.18231, -38.99137 ], [ -61.18219, -38.99137 ], [ -61.18219, -38.99155 ], [ -61.18231, -38.99155 ], [ -61.18231, -38.99164 ], [ -61.18243, -38.99164 ], [ -61.18243, -38.99155 ], [ -61.18254, -38.99155 ], [ -61.18254, -38.99146 ], [ -61.18289, -38.99146 ], [ -61.18289, -38.99164 ], [ -61.18323, -38.99164 ], [ -61.18323, -38.99155 ], [ -61.18347, -38.99155 ], [ -61.18347, -38.99119 ], [ -61.18323, -38.99119 ], [ -61.18323, -38.99128 ], [ -61.18312, -38.99128 ], [ -61.18312, -38.99137 ], [ -61.18266, -38.99137 ], [ -61.18266, -38.99119 ], [ -61.18254, -38.99119 ] ] ] ] } },
{ "type": "Feature", "properties": { "baseline": "ndvi_diff", "year_to": 2019, "area_m2": 1099.0650684078325, "cause": "desarrollo_inmobiliario" }, "geometry": { "type": "Polygon", "coordinates": [ [ [ -61.2097, -38.99254 ], [ -61.2097, -38.99263 ], [ -61.20958, -38.99263 ], [ -61.20958, -38.99281 ], [ -61.2097, -38.99281 ], [ -61.2097, -38.9929 ], [ -61.20993, -38.9929 ], [ -61.20993, -38.99272 ], [ -61.21004, -38.99272 ], [ -61.21004, -38.99263 ], [ -61.20993, -38.99263 ], [ -61.20993, -38.99254 ], [ -61.2097, -38.99254 ] ] ] } },
{ "type": "Feature", "properties": { "baseline": "ndvi_diff", "year_to": 2019, "area_m2": 1099.03297761405, "cause": "desarrollo_inmobiliario" }, "geometry": { "type": "Polygon", "coordinates": [ [ [ -61.19525, -38.99451 ], [ -61.19525, -38.99487 ], [ -61.19514, -38.99487 ], [ -61.19514, -38.99496 ], [ -61.19525, -38.99496 ], [ -61.19525, -38.99505 ], [ -61.19548, -38.99505 ], [ -61.19548, -38.99487 ], [ -61.19537, -38.99487 ], [ -61.19537, -38.99478 ], [ -61.19548, -38.99478 ], [ -61.19548, -38.9946 ], [ -61.19537, -38.9946 ], [ -61.19537, -38.99451 ], [ -61.19525, -38.99451 ] ] ] } },
{ "type": "Feature", "properties": { "baseline": "veg_to_built", "year_to": 2019, "area_m2": 599.57090650954433, "cause": "desarrollo_inmobiliario" }, "geometry": { "type": "Polygon", "coordinates": [ [ [ -61.27198, -38.98292 ], [ -61.27198, -38.9831 ], [ -61.27233, -38.9831 ], [ -61.27233, -38.98292 ], [ -61.27198, -38.98292 ] ] ] } },
{ "type": "Feature", "properties": { "baseline": "veg_to_built", "year_to": 2019, "area_m2": 899.34905669163425, "cause": "desarrollo_inmobiliario" }, "geometry": { "type": "Polygon", "coordinates": [ [ [ -61.27059, -38.98337 ], [ -61.27059, -38.98346 ], [ -61.27048, -38.98346 ], [ -61.27048, -38.98364 ], [ -61.27036, -38.98364 ], [ -61.27036, -38.98382 ], [ -61.27059, -38.98382 ], [ -61.27059, -38.98355 ], [ -61.27071, -38.98355 ], [ -61.27071, -38.98346 ], [ -61.27082, -38.98346 ], [ -61.27082, -38.98337 ], [ -61.27059, -38.98337 ] ] ] } },
{ "type": "Feature", "properties": { "baseline": "veg_to_built", "year_to": 2019, "area_m2": 599.49000322187635, "cause": "desarrollo_inmobiliario" }, "geometry": { "type": "Polygon", "coordinates": [ [ [ -61.20958, -38.99263 ], [ -61.20958, -38.99281 ], [ -61.20993, -38.99281 ], [ -61.20993, -38.99263 ], [ -61.20958, -38.99263 ] ] ] } },
{ "type": "Feature", "properties": { "baseline": "veg_to_built", "year_to": 2019, "area_m2": 999.12091144612782, "cause": "desarrollo_inmobiliario" }, "geometry": { "type": "Polygon", "coordinates": [ [ [ -61.19537, -38.99451 ], [ -61.19537, -38.9946 ], [ -61.19525, -38.9946 ], [ -61.19525, -38.99514 ], [ -61.19537, -38.99514 ], [ -61.19537, -38.99496 ], [ -61.19548, -38.99496 ], [ -61.19548, -38.99487 ], [ -61.19537, -38.99487 ], [ -61.19537, -38.99478 ], [ -61.19548, -38.99478 ], [ -61.19548, -38.99451 ], [ -61.19537, -38.99451 ] ] ] } },
{ "type": "Feature", "properties": { "baseline": "veg_to_built", "year_to": 2019, "area_m2": 1099.0216143474286, "cause": "desarrollo_inmobiliario" }, "geometry": { "type": "Polygon", "coordinates": [ [ [ -61.18705, -38.99541 ], [ -61.18705, -38.9955 ], [ -61.18693, -38.9955 ], [ -61.18693, -38.99568 ], [ -61.18739, -38.99568 ], [ -61.18739, -38.99541 ], [ -61.18705, -38.99541 ] ] ] } },
{ "type": "Feature", "properties": { "baseline": "ndvi_diff", "year_to": 2020, "area_m2": 699.73470798114624, "cause": "desconocido" }, "geometry": { "type": "MultiPolygon", "coordinates": [ [ [ [ -61.34975, -38.95891 ], [ -61.34975, -38.95882 ], [ -61.34998, -38.95882 ], [ -61.34998, -38.95873 ], [ -61.34986, -38.95873 ], [ -61.34986, -38.95864 ], [ -61.34963, -38.95864 ], [ -61.34963, -38.95891 ], [ -61.34975, -38.95891 ] ] ], [ [ [ -61.34951, -38.95891 ], [ -61.34951, -38.959 ], [ -61.34963, -38.959 ], [ -61.34963, -38.95891 ], [ -61.34951, -38.95891 ] ] ] ] } },
{ "type": "Feature", "properties": { "baseline": "ndvi_diff", "year_to": 2020, "area_m2": 899.65819733053286, "cause": "desconocido" }, "geometry": { "type": "Polygon", "coordinates": [ [ [ -61.34847, -38.95864 ], [ -61.34847, -38.95873 ], [ -61.34836, -38.95873 ], [ -61.34836, -38.95882 ], [ -61.34847, -38.95882 ], [ -61.34847, -38.959 ], [ -61.34882, -38.959 ], [ -61.34882, -38.95891 ], [ -61.34871, -38.95891 ], [ -61.34871, -38.95873 ], [ -61.34859, -38.95873 ], [ -61.34859, -38.95864 ], [ -61.34847, -38.95864 ] ] ] } },
{ "type": "Feature", "properties": { "baseline": "ndvi_diff", "year_to": 2020, "area_m2": 699.71936104606846, "cause": "desconocido" }, "geometry": { "type": "Polygon", "coordinates": [ [ [ -61.34778, -38.96017 ], [ -61.34778, -38.96053 ], [ -61.34801, -38.96053 ], [ -61.34801, -38.96026 ], [ -61.3479, -38.96026 ], [ -61.3479, -38.96017 ], [ -61.34778, -38.96017 ] ] ] } },
{ "type": "Feature", "properties": { "baseline": "ndvi_diff", "year_to": 2020, "area_m2": 1599.2531531624234, "cause": "desconocido" }, "geometry": { "type": "Polygon", "coordinates": [ [ [ -61.27741, -38.96494 ], [ -61.27741, -38.96503 ], [ -61.27729, -38.96503 ], [ -61.27729, -38.96512 ], [ -61.27718, -38.96512 ], [ -61.27718, -38.96521 ], [ -61.27741, -38.96521 ], [ -61.27741, -38.9653 ], [ -61.27776, -38.9653 ], [ -61.27776, -38.96512 ], [ -61.27787, -38.96512 ], [ -61.27787, -38.96503 ], [ -61.27776, -38.96503 ], [ -61.27776, -38.96494 ], [ -61.27741, -38.96494 ] ] ] } },
{ "type": "Feature", "properties": { "baseline": "ndvi_diff", "year_to": 2020, "area_m2": 599.71618874393175, "cause": "desconocido" }, "geometry": { "type": "Polygon", "coordinates": [ [ [ -61.27753, -38.96548 ], [ -61.27753, -38.96566 ], [ -61.27787, -38.96566 ], [ -61.27787, -38.96548 ], [ -61.27753, -38.96548 ] ] ] } },
{ "type": "Feature", "properties": { "baseline": "ndvi_diff", "year_to": 2020, "area_m2": 899.57284805095492, "cause": "desconocido" }, "geometry": { "type": "Polygon", "coordinates": [ [ [ -61.28284, -38.96557 ], [ -61.28284, -38.96566 ], [ -61.28296, -38.96566 ], [ -61.28296, -38.96575 ], [ -61.28307, -38.96575 ], [ -61.28307, -38.96584 ], [ -61.2833, -38.96584 ], [ -61.2833, -38.96557 ], [ -61.28284, -38.96557 ] ] ] } },
{ "type": "Feature", "properties": { "baseline": "ndvi_diff", "year_to": 2020, "area_m2": 499.75057470211448, "cause": "desconocido" }, "geometry": { "type": "Polygon", "coordinates": [ [ [ -61.27776, -38.96727 ], [ -61.27776, -38.96754 ], [ -61.27799, -38.96754 ], [ -61.27799, -38.96736 ], [ -61.27787, -38.96736 ], [ -61.27787, -38.96727 ], [ -61.27776, -38.96727 ] ] ] } },
{ "type": "Feature", "properties": { "baseline": "ndvi_diff", "year_to": 2020, "area_m2": 22688.762374612917, "cause": "desconocido" }, "geometry": { "type": "Polygon", "coordinates": [ [ [ -61.35622, -38.96628 ], [ -61.35622, -38.96637 ], [ -61.35587, -38.96637 ], [ -61.35587, -38.96628 ], [ -61.35552, -38.96628 ], [ -61.35552, -38.96637 ], [ -61.35564, -38.96637 ], [ -61.35564, -38.96646 ], [ -61.35587, -38.96646 ], [ -61.35587, -38.96691 ], [ -61.35564, -38.96691 ], [ -61.35564, -38.96682 ], [ -61.35506, -38.96682 ], [ -61.35506, -38.96691 ], [ -61.35483, -38.96691 ], [ -61.35483, -38.967 ], [ -61.35495, -38.967 ], [ -61.35495, -38.96718 ], [ -61.35483, -38.96718 ], [ -61.35483, -38.96727 ], [ -61.35495, -38.96727 ], [ -61.35495, -38.96745 ], [ -61.35506, -38.96745 ], [ -61.35506, -38.96763 ], [ -61.35518, -38.96763 ], [ -61.35518, -38.96772 ], [ -61.35529, -38.96772 ], [ -61.35529, -38.96781 ], [ -61.35541, -38.96781 ], [ -61.35541, -38.9679 ], [ -61.35645, -38.9679 ], [ -61.35645, -38.96781 ], [ -61.35656, -38.96781 ], [ -61.35656, -38.96763 ], [ -61.35668, -38.96763 ], [ -61.35668, -38.96754 ], [ -61.35679, -38.96754 ], [ -61.35679, -38.96745 ], [ -61.35691, -38.96745 ], [ -61.35691, -38.96691 ], [ -61.35714, -38.96691 ], [ -61.35714, -38.96664 ], [ -61.35703, -38.96664 ], [ -61.35703, -38.96655 ], [ -61.35668, -38.96655 ], [ -61.35668, -38.96646 ], [ -61.35645, -38.96646 ], [ -61.35645, -38.96637 ], [ -61.35633, -38.96637 ], [ -61.35633, -38.96628 ], [ -61.35622, -38.96628 ] ], [ [ -61.35564, -38.96763 ], [ -61.35541, -38.96763 ], [ -61.35541, -38.96745 ], [ -61.35564, -38.96745 ], [ -61.35564, -38.96763 ] ] ] } },
{ "type": "Feature", "properties": { "baseline": "ndvi_diff", "year_to": 2020, "area_m2": 499.74733009563869, "cause": "desconocido" }, "geometry": { "type": "Polygon", "coordinates": [ [ [ -61.28088, -38.96781 ], [ -61.28088, -38.96799 ], [ -61.28111, -38.96799 ], [ -61.28111, -38.9679 ], [ -61.28122, -38.9679 ], [ -61.28122, -38.96781 ], [ -61.28088, -38.96781 ] ] ] } },
{ "type": "Feature", "properties": { "baseline": "ndvi_diff", "year_to": 2020, "area_m2": 499.7455829350065, "cause": "desconocido" }, "geometry": { "type": "Polygon", "coordinates": [ [ [ -61.28134, -38.96799 ], [ -61.28134, -38.96826 ], [ -61.28157, -38.96826 ], [ -61.28157, -38.96808 ], [ -61.28145, -38.96808 ], [ -61.28145, -38.96799 ], [ -61.28134, -38.96799 ] ] ] } },
{ "type": "Feature", "properties": { "baseline": "ndvi_diff", "year_to": 2020, "area_m2": 799.59113562006269, "cause": "desconocido" }, "geometry": { "type": "Polygon", "coordinates": [ [ [ -61.27475, -38.96808 ], [ -61.27475, -38.96853 ], [ -61.27487, -38.96853 ], [ -61.27487, -38.96844 ], [ -61.27498, -38.96844 ], [ -61.27498, -38.96817 ], [ -61.27487, -38.96817 ], [ -61.27487, -38.96808 ], [ -61.27475, -38.96808 ] ] ] } },
{ "type": "Feature", "properties": { "baseline": "ndvi_diff", "year_to": 2020, "area_m2": 499.73497510515398, "cause": "desconocido" }, "geometry": { "type": "Polygon", "coordinates": [ [ [ -61.32906, -38.96952 ], [ -61.32906, -38.96979 ], [ -61.32929, -38.96979 ], [ -61.32929, -38.96961 ], [ -61.32918, -38.96961 ], [ -61.32918, -38.96952 ], [ -61.32906, -38.96952 ] ] ] } },
{ "type": "Feature", "properties": { "baseline": "ndvi_diff", "year_to": 2020, "area_m2": 599.6807470872991, "cause": "desconocido" }, "geometry": { "type": "Polygon", "coordinates": [ [ [ -61.33761, -38.9697 ], [ -61.33761, -38.96988 ], [ -61.33773, -38.96988 ], [ -61.33773, -38.96997 ], [ -61.33784, -38.96997 ], [ -61.33784, -38.96988 ], [ -61.33796, -38.96988 ], [ -61.33796, -38.96979 ], [ -61.33784, -38.96979 ], [ -61.33784, -38.9697 ], [ -61.33761, -38.9697 ] ] ] } },
{ "type": "Feature", "properties": { "baseline": "ndvi_diff", "year_to": 2020, "area_m2": 25486.612148970504, "cause": "desconocido" }, "geometry": { "type": "Polygon", "coordinates": [ [ [ -61.34871, -38.96862 ], [ -61.34871, -38.96889 ], [ -61.34882, -38.96889 ], [ -61.34882, -38.96898 ], [ -61.34894, -38.96898 ], [ -61.34894, -38.96907 ], [ -61.34928, -38.96907 ], [ -61.34928, -38.96916 ], [ -61.34951, -38.96916 ], [ -61.34951, -38.96925 ], [ -61.34998, -38.96925 ], [ -61.34998, -38.96934 ], [ -61.35021, -38.96934 ], [ -61.35021, -38.96943 ], [ -61.35044, -38.96943 ], [ -61.35044, -38.96952 ], [ -61.35067, -38.96952 ], [ -61.35067, -38.96961 ], [ -61.3509, -38.96961 ], [ -61.3509, -38.96952 ], [ -61.35171, -38.96952 ], [ -61.35171, -38.96943 ], [ -61.35217, -38.96943 ], [ -61.35217, -38.96952 ], [ -61.35229, -38.96952 ], [ -61.35229, -38.96961 ], [ -61.3524, -38.96961 ], [ -61.3524, -38.97006 ], [ -61.35287, -38.97006 ], [ -61.35287, -38.96997 ], [ -61.35367, -38.96997 ], [ -61.35367, -38.96961 ], [ -61.35356, -38.96961 ], [ -61.35356, -38.96952 ], [ -61.35344, -38.96952 ], [ -61.35344, -38.96934 ], [ -61.35333, -38.96934 ], [ -61.35333, -38.96925 ], [ -61.35321, -38.96925 ], [ -61.35321, -38.96916 ], [ -61.35263, -38.96916 ], [ -61.35263, -38.96907 ], [ -61.35148, -38.96907 ], [ -61.35148, -38.96898 ], [ -61.3509, -38.96898 ], [ -61.3509, -38.96907 ], [ -61.35079, -38.96907 ], [ -61.35079, -38.96898 ], [ -61.34998, -38.96898 ], [ -61.34998, -38.96907 ], [ -61.34975, -38.96907 ], [ -61.34975, -38.96889 ], [ -61.34963, -38.96889 ], [ -61.34963, -38.9688 ], [ -61.34975, -38.9688 ], [ -61.34975, -38.96871 ], [ -61.34986, -38.96871 ], [ -61.34986, -38.96862 ], [ -61.34871, -38.96862 ] ] ] } },
{ "type": "Feature", "properties": { "baseline": "ndvi_diff", "year_to": 2020, "area_m2": 3298.1468246993745, "cause": "desconocido" }, "geometry": { "type": "Polygon", "coordinates": [ [ [ -61.26216, -38.97168 ], [ -61.26216, -38.97177 ], [ -61.26193, -38.97177 ], [ -61.26193, -38.97195 ], [ -61.26158, -38.97195 ], [ -61.26158, -38.97204 ], [ -61.26204, -38.97204 ], [ -61.26204, -38.97213 ], [ -61.26227, -38.97213 ], [ -61.26227, -38.97222 ], [ -61.2625, -38.97222 ], [ -61.2625, -38.97213 ], [ -61.26262, -38.97213 ], [ -61.26262, -38.97204 ], [ -61.26273, -38.97204 ], [ -61.26273, -38.97177 ], [ -61.26239, -38.97177 ], [ -61.26239, -38.97168 ], [ -61.26216, -38.97168 ] ] ] } },
{ "type": "Feature", "properties": { "baseline": "ndvi_diff", "year_to": 2020, "area_m2": 599.64729909758546, "cause": "desconocido" }, "geometry": { "type": "Polygon", "coordinates": [ [ [ -61.25846, -38.97366 ], [ -61.25846, -38.97384 ], [ -61.25857, -38.97384 ], [ -61.25857, -38.97402 ], [ -61.25869, -38.97402 ], [ -61.25869, -38.97393 ], [ -61.25881, -38.97393 ], [ -61.25881, -38.97384 ], [ -61.25869, -38.97384 ], [ -61.25869, -38.97375 ], [ -61.25857, -38.97375 ], [ -61.25857, -38.97366 ], [ -61.25846, -38.97366 ] ] ] } },
{ "type": "Feature", "properties": { "baseline": "ndvi_diff", "year_to": 2020, "area_m2": 499.67157014932104, "cause": "desconocido" }, "geometry": { "type": "Polygon", "coordinates": [ [ [ -61.20727, -38.97869 ], [ -61.20727, -38.97878 ], [ -61.20715, -38.97878 ], [ -61.20715, -38.97896 ], [ -61.20727, -38.97896 ], [ -61.20727, -38.97887 ], [ -61.20739, -38.97887 ], [ -61.20739, -38.97878 ], [ -61.2075, -38.97878 ], [ -61.2075, -38.97869 ], [ -61.20727, -38.97869 ] ] ] } },
{ "type": "Feature", "properties": { "baseline": "ndvi_diff", "year_to": 2020, "area_m2": 7694.7667476161059, "cause": "desconocido" }, "geometry": { "type": "MultiPolygon", "coordinates": [ [ [ [ -61.33368, -38.97977 ], [ -61.33334, -38.97977 ], [ -61.33334, -38.97986 ], [ -61.33322, -38.97986 ], [ -61.33322, -38.97995 ], [ -61.33299, -38.97995 ], [ -61.33299, -38.9804 ], [ -61.33311, -38.9804 ], [ -61.33311, -38.98067 ], [ -61.33322, -38.98067 ], [ -61.33322, -38.98085 ], [ -61.33334, -38.98085 ], [ -61.33334, -38.98103 ], [ -61.33345, -38.98103 ], [ -61.33345, -38.98121 ], [ -61.33357, -38.98121 ], [ -61.33357, -38.9813 ], [ -61.33368, -38.9813 ], [ -61.33368, -38.98139 ], [ -61.3338, -38.98139 ], [ -61.3338, -38.98121 ], [ -61.33368, -38.98121 ], [ -61.33368, -38.98094 ], [ -61.33357, -38.98094 ], [ -61.33357, -38.98085 ], [ -61.33345, -38.98085 ], [ -61.33345, -38.98058 ], [ -61.33334, -38.98058 ], [ -61.33334, -38.9804 ], [ -61.33322, -38.9804 ], [ -61.33322, -38.98004 ], [ -61.33334, -38.98004 ], [ -61.33334, -38.97995 ], [ -61.33345, -38.97995 ], [ -61.33345, -38.97986 ], [ -61.33368, -38.97986 ], [ -61.33368, -38.97977 ] ] ], [ [ [ -61.33391, -38.97986 ], [ -61.33368, -38.97986 ], [ -61.33368, -38.97995 ], [ -61.33391, -38.97995 ], [ -61.33391, -38.97986 ] ] ], [ [ [ -61.33391, -38.98004 ], [ -61.33449, -38.98004 ], [ -61.33449, -38.98013 ], [ -61.33484, -38.98013 ], [ -61.33484, -38.98058 ], [ -61.33472, -38.98058 ], [ -61.33472, -38.98076 ], [ -61.33461, -38.98076 ], [ -61.33461, -38.98085 ], [ -61.33449, -38.98085 ], [ -61.33449, -38.98094 ], [ -61.33438, -38.98094 ], [ -61.33438, -38.98103 ], [ -61.33472, -38.98103 ], [ -61.33472, -38.98094 ], [ -61.33484, -38.98094 ], [ -61.33484, -38.98076 ], [ -61.33495, -38.98076 ], [ -61.33495, -38.98058 ], [ -61.33507, -38.98058 ], [ -61.33507, -38.98004 ], [ -61.33495, -38.98004 ], [ -61.33495, -38.97995 ], [ -61.33391, -38.97995 ], [ -61.33391, -38.98004 ] ] ] ] } },
{ "type": "Feature", "properties": { "baseline": "ndvi_diff", "year_to": 2020, "area_m2": 499.65222162139969, "cause": "desconocido" }, "geometry": { "type": "Polygon", "coordinates": [ [ [ -61.35425, -38.98148 ], [ -61.35425, -38.98157 ], [ -61.35391, -38.98157 ], [ -61.35391, -38.98166 ], [ -61.35437, -38.98166 ], [ -61.35437, -38.98148 ], [ -61.35425, -38.98148 ] ] ] } },
{ "type": "Feature", "properties": { "baseline": "ndvi_diff", "year_to": 2020, "area_m2": 1498.95728909325, "cause": "desconocido" }, "geometry": { "type": "MultiPolygon", "coordinates": [ [ [ [ -61.35541, -38.98148 ], [ -61.35448, -38.98148 ], [ -61.35448, -38.98157 ], [ -61.3546, -38.98157 ], [ -61.3546, -38.98166 ], [ -61.35518, -38.98166 ], [ -61.35518, -38.98157 ], [ -61.35541, -38.98157 ], [ -61.35541, -38.98148 ] ] ], [ [ [ -61.35541, -38.98166 ], [ -61.35564, -38.98166 ], [ -61.35564, -38.98157 ], [ -61.35541, -38.98157 ], [ -61.35541, -38.98166 ] ] ] ] } },
{ "type": "Feature", "properties": { "baseline": "ndvi_diff", "year_to": 2020, "area_m2": 699.49533372580368, "cause": "desconocido" }, "geometry": { "type": "Polygon", "coordinates": [ [ [ -61.18751, -38.98328 ], [ -61.18751, -38.98337 ], [ -61.18739, -38.98337 ], [ -61.18739, -38.98328 ], [ -61.18728, -38.98328 ], [ -61.18728, -38.98364 ], [ -61.18739, -38.98364 ], [ -61.18739, -38.98346 ], [ -61.18763, -38.98346 ], [ -61.18763, -38.98328 ], [ -61.18751, -38.98328 ] ] ] } },
{ "type": "Feature", "properties": { "baseline": "ndvi_diff", "year_to": 2020, "area_m2": 499.63624259694978, "cause": "desconocido" }, "geometry": { "type": "MultiPolygon", "coordinates": [ [ [ [ -61.25638, -38.98373 ], [ -61.25626, -38.98373 ], [ -61.25626, -38.98382 ], [ -61.25638, -38.98382 ], [ -61.25638, -38.98373 ] ] ], [ [ [ -61.25638, -38.98409 ], [ -61.25649, -38.98409 ], [ -61.25649, -38.98391 ], [ -61.25661, -38.98391 ], [ -61.25661, -38.98382 ], [ -61.25638, -38.98382 ], [ -61.25638, -38.98409 ] ] ] ] } },
{ "type": "Feature", "properties": { "baseline": "ndvi_diff", "year_to": 2020, "area_m2": 4396.7955140351714, "cause": "desconocido" }, "geometry": { "type": "Polygon", "coordinates": [ [ [ -61.20923, -38.98346 ], [ -61.20923, -38.98355 ], [ -61.20912, -38.98355 ], [ -61.20912, -38.98373 ], [ -61.20935, -38.98373 ], [ -61.20935, -38.98382 ], [ -61.20947, -38.98382 ], [ -61.20947, -38.98391 ], [ -61.20935, -38.98391 ], [ -61.20935, -38.984 ], [ -61.20947, -38.984 ], [ -61.20947, -38.98409 ], [ -61.20958, -38.98409 ], [ -61.20958, -38.98463 ], [ -61.20981, -38.98463 ], [ -61.20981, -38.98427 ], [ -61.20993, -38.98427 ], [ -61.20993, -38.98382 ], [ -61.20981, -38.98382 ], [ -61.20981, -38.98373 ], [ -61.2097, -38.98373 ], [ -61.2097, -38.98355 ], [ -61.20958, -38.98355 ], [ -61.20958, -38.98346 ], [ -61.20923, -38.98346 ] ] ] } },
{ "type": "Feature", "properties": { "baseline": "ndvi_diff", "year_to": 2020, "area_m2": 599.5586723021529, "cause": "desconocido" }, "geometry": { "type": "Polygon", "coordinates": [ [ [ -61.21108, -38.98436 ], [ -61.21108, -38.98463 ], [ -61.2112, -38.98463 ], [ -61.2112, -38.98454 ], [ -61.21143, -38.98454 ], [ -61.21143, -38.98445 ], [ -61.21131, -38.98445 ], [ -61.21131, -38.98436 ], [ -61.21108, -38.98436 ] ] ] } },
{ "type": "Feature", "properties": { "baseline": "ndvi_diff", "year_to": 2020, "area_m2": 1199.109978930429, "cause": "desconocido" }, "geometry": { "type": "Polygon", "coordinates": [ [ [ -61.17711, -38.98472 ], [ -61.17711, -38.9848 ], [ -61.17676, -38.9848 ], [ -61.17676, -38.98498 ], [ -61.17688, -38.98498 ], [ -61.17688, -38.98507 ], [ -61.17723, -38.98507 ], [ -61.17723, -38.98472 ], [ -61.17711, -38.98472 ] ] ] } },
{ "type": "Feature", "properties": { "baseline": "ndvi_diff", "year_to": 2020, "area_m2": 899.32521201971156, "cause": "desconocido" }, "geometry": { "type": "Polygon", "coordinates": [ [ [ -61.2008, -38.98534 ], [ -61.2008, -38.98543 ], [ -61.20057, -38.98543 ], [ -61.20057, -38.98552 ], [ -61.20068, -38.98552 ], [ -61.20068, -38.98561 ], [ -61.20103, -38.98561 ], [ -61.20103, -38.98552 ], [ -61.20115, -38.98552 ], [ -61.20115, -38.98543 ], [ -61.20091, -38.98543 ], [ -61.20091, -38.98534 ], [ -61.2008, -38.98534 ] ] ] } },
{ "type": "Feature", "properties": { "baseline": "ndvi_diff", "year_to": 2020, "area_m2": 1398.9362361266626, "cause": "desconocido" }, "geometry": { "type": "Polygon", "coordinates": [ [ [ -61.24922, -38.98606 ], [ -61.24922, -38.98615 ], [ -61.24875, -38.98615 ], [ -61.24875, -38.98633 ], [ -61.24945, -38.98633 ], [ -61.24945, -38.98606 ], [ -61.24922, -38.98606 ] ] ] } },
{ "type": "Feature", "properties": { "baseline": "ndvi_diff", "year_to": 2020, "area_m2": 2598.0025190483534, "cause": "desconocido" }, "geometry": { "type": "Polygon", "coordinates": [ [ [ -61.17526, -38.9866 ], [ -61.17526, -38.98678 ], [ -61.17515, -38.98678 ], [ -61.17515, -38.98687 ], [ -61.17526, -38.98687 ], [ -61.17526, -38.98696 ], [ -61.17584, -38.98696 ], [ -61.17584, -38.98705 ], [ -61.17619, -38.98705 ], [ -61.17619, -38.98696 ], [ -61.17607, -38.98696 ], [ -61.17607, -38.98678 ], [ -61.17572, -38.98678 ], [ -61.17572, -38.9866 ], [ -61.17526, -38.9866 ] ] ] } },
{ "type": "Feature", "properties": { "baseline": "ndvi_diff", "year_to": 2020, "area_m2": 499.61264699583967, "cause": "desconocido" }, "geometry": { "type": "Polygon", "coordinates": [ [ [ -61.18763, -38.98714 ], [ -61.18763, -38.98741 ], [ -61.18786, -38.98741 ], [ -61.18786, -38.98723 ], [ -61.18774, -38.98723 ], [ -61.18774, -38.98714 ], [ -61.18763, -38.98714 ] ] ] } },
{ "type": "Feature", "properties": { "baseline": "ndvi_diff", "year_to": 2020, "area_m2": 1199.0735239709823, "cause": "desconocido" }, "geometry": { "type": "Polygon", "coordinates": [ [ [ -61.27025, -38.98669 ], [ -61.27025, -38.98687 ], [ -61.27013, -38.98687 ], [ -61.27013, -38.98696 ], [ -61.27025, -38.98696 ], [ -61.27025, -38.98732 ], [ -61.27036, -38.98732 ], [ -61.27036, -38.9875 ], [ -61.27048, -38.9875 ], [ -61.27048, -38.98714 ], [ -61.27036, -38.98714 ], [ -61.27036, -38.98669 ], [ -61.27025, -38.98669 ] ] ] } },
{ "type": "Feature", "properties": { "baseline": "ndvi_diff", "year_to": 2020, "area_m2": 1199.0672815361236, "cause": "desconocido" }, "geometry": { "type": "MultiPolygon", "coordinates": [ [ [ [ -61.1718, -38.98741 ], [ -61.1718, -38.98732 ], [ -61.17191, -38.98732 ], [ -61.17191, -38.98723 ], [ -61.17156, -38.98723 ], [ -61.17156, -38.98732 ], [ -61.17168, -38.98732 ], [ -61.17168, -38.98741 ], [ -61.1718, -38.98741 ] ] ], [ [ [ -61.17156, -38.98741 ], [ -61.17156, -38.9875 ], [ -61.17122, -38.9875 ], [ -61.17122, -38.98759 ], [ -61.17133, -38.98759 ], [ -61.17133, -38.98768 ], [ -61.17168, -38.98768 ], [ -61.17168, -38.98741 ], [ -61.17156, -38.98741 ] ] ] ] } },
{ "type": "Feature", "properties": { "baseline": "ndvi_diff", "year_to": 2020, "area_m2": 599.5313310201168, "cause": "desconocido" }, "geometry": { "type": "MultiPolygon", "coordinates": [ [ [ [ -61.24621, -38.98768 ], [ -61.24621, -38.98759 ], [ -61.24598, -38.98759 ], [ -61.24598, -38.98768 ], [ -61.24621, -38.98768 ] ] ], [ [ [ -61.24586, -38.98768 ], [ -61.24586, -38.98786 ], [ -61.24598, -38.98786 ], [ -61.24598, -38.98795 ], [ -61.2461, -38.98795 ], [ -61.2461, -38.98777 ], [ -61.24598, -38.98777 ], [ -61.24598, -38.98768 ], [ -61.24586, -38.98768 ] ] ] ] } },
{ "type": "Feature", "properties": { "baseline": "ndvi_diff", "year_to": 2020, "area_m2": 3996.8688397552751, "cause": "desconocido" }, "geometry": { "type": "Polygon", "coordinates": [ [ [ -61.17596, -38.98741 ], [ -61.17596, -38.9875 ], [ -61.17526, -38.9875 ], [ -61.17526, -38.98759 ], [ -61.17538, -38.98759 ], [ -61.17538, -38.98768 ], [ -61.17572, -38.98768 ], [ -61.17572, -38.98777 ], [ -61.17584, -38.98777 ], [ -61.17584, -38.98786 ], [ -61.17596, -38.98786 ], [ -61.17596, -38.98822 ], [ -61.17607, -38.98822 ], [ -61.17607, -38.98831 ], [ -61.1763, -38.98831 ], [ -61.1763, -38.9884 ], [ -61.17642, -38.9884 ], [ -61.17642, -38.98831 ], [ -61.17665, -38.98831 ], [ -61.17665, -38.98822 ], [ -61.17653, -38.98822 ], [ -61.17653, -38.98813 ], [ -61.1763, -38.98813 ], [ -61.1763, -38.98804 ], [ -61.17619, -38.98804 ], [ -61.17619, -38.98795 ], [ -61.1763, -38.98795 ], [ -61.1763, -38.98777 ], [ -61.17607, -38.98777 ], [ -61.17607, -38.98741 ], [ -61.17596, -38.98741 ] ] ] } },
{ "type": "Feature", "properties": { "baseline": "ndvi_diff", "year_to": 2020, "area_m2": 1598.7387713421908, "cause": "desarrollo_inmobiliario" }, "geometry": { "type": "Polygon", "coordinates": [ [ [ -61.27521, -38.98804 ], [ -61.27521, -38.98813 ], [ -61.2751, -38.98813 ], [ -61.2751, -38.98822 ], [ -61.27521, -38.98822 ], [ -61.27521, -38.98831 ], [ -61.27533, -38.98831 ], [ -61.27533, -38.9884 ], [ -61.27556, -38.9884 ], [ -61.27556, -38.98858 ], [ -61.27568, -38.98858 ], [ -61.27568, -38.9884 ], [ -61.27579, -38.9884 ], [ -61.27579, -38.98831 ], [ -61.27568, -38.98831 ], [ -61.27568, -38.98822 ], [ -61.27556, -38.98822 ], [ -61.27556, -38.98813 ], [ -61.27545, -38.98813 ], [ -61.27545, -38.98804 ], [ -61.27521, -38.98804 ] ] ] } },
{ "type": "Feature", "properties": { "baseline": "ndvi_diff", "year_to": 2020, "area_m2": 499.60228430389589, "cause": "desconocido" }, "geometry": { "type": "Polygon", "coordinates": [ [ [ -61.18659, -38.98867 ], [ -61.18659, -38.98885 ], [ -61.1867, -38.98885 ], [ -61.1867, -38.98894 ], [ -61.18682, -38.98894 ], [ -61.18682, -38.98867 ], [ -61.18659, -38.98867 ] ] ] } },
{ "type": "Feature", "properties": { "baseline": "ndvi_diff", "year_to": 2020, "area_m2": 2298.1681857628651, "cause": "desconocido" }, "geometry": { "type": "MultiPolygon", "coordinates": [ [ [ [ -61.18531, -38.98912 ], [ -61.18531, -38.98921 ], [ -61.18543, -38.98921 ], [ -61.18543, -38.98912 ], [ -61.18555, -38.98912 ], [ -61.18555, -38.98903 ], [ -61.18543, -38.98903 ], [ -61.18543, -38.98894 ], [ -61.18531, -38.98894 ], [ -61.18531, -38.98885 ], [ -61.18543, -38.98885 ], [ -61.18543, -38.9884 ], [ -61.18531, -38.9884 ], [ -61.18531, -38.98849 ], [ -61.1852, -38.98849 ], [ -61.1852, -38.98876 ], [ -61.18497, -38.98876 ], [ -61.18497, -38.98894 ], [ -61.18508, -38.98894 ], [ -61.18508, -38.98903 ], [ -61.1852, -38.98903 ], [ -61.1852, -38.98912 ], [ -61.18531, -38.98912 ] ] ], [ [ [ -61.18497, -38.98912 ], [ -61.18497, -38.98921 ], [ -61.1852, -38.98921 ], [ -61.1852, -38.98912 ], [ -61.18497, -38.98912 ] ] ] ] } },
{ "type": "Feature", "properties": { "baseline": "ndvi_diff", "year_to": 2020, "area_m2": 4196.6528957349155, "cause": "desconocido" }, "geometry": { "type": "Polygon", "coordinates": [ [ [ -61.24586, -38.98858 ], [ -61.24586, -38.98867 ], [ -61.24552, -38.98867 ], [ -61.24552, -38.98858 ], [ -61.2454, -38.98858 ], [ -61.2454, -38.98876 ], [ -61.24552, -38.98876 ], [ -61.24552, -38.98885 ], [ -61.24563, -38.98885 ], [ -61.24563, -38.98894 ], [ -61.24575, -38.98894 ], [ -61.24575, -38.98903 ], [ -61.24586, -38.98903 ], [ -61.24586, -38.98912 ], [ -61.24598, -38.98912 ], [ -61.24598, -38.98921 ], [ -61.24656, -38.98921 ], [ -61.24656, -38.98903 ], [ -61.24644, -38.98903 ], [ -61.24644, -38.98885 ], [ -61.24633, -38.98885 ], [ -61.24633, -38.98876 ], [ -61.24621, -38.98876 ], [ -61.24621, -38.98858 ], [ -61.24586, -38.98858 ] ] ] } },
{ "type": "Feature", "properties": { "baseline": "ndvi_diff", "year_to": 2020, "area_m2": 899.27951721256591, "cause": "desconocido" }, "geometry": { "type": "Polygon", "coordinates": [ [ [ -61.22784, -38.98894 ], [ -61.22784, -38.98903 ], [ -61.22772, -38.98903 ], [ -61.22772, -38.98912 ], [ -61.22761, -38.98912 ], [ -61.22761, -38.9893 ], [ -61.22795, -38.9893 ], [ -61.22795, -38.98894 ], [ -61.22784, -38.98894 ] ] ] } },
{ "type": "Feature", "properties": { "baseline": "ndvi_diff", "year_to": 2020, "area_m2": 499.59816412967871, "cause": "desconocido" }, "geometry": { "type": "Polygon", "coordinates": [ [ [ -61.17746, -38.9893 ], [ -61.17746, -38.98939 ], [ -61.17757, -38.98939 ], [ -61.17757, -38.98948 ], [ -61.1778, -38.98948 ], [ -61.1778, -38.9893 ], [ -61.17746, -38.9893 ] ] ] } },
{ "type": "Feature", "properties": { "baseline": "ndvi_diff", "year_to": 2020, "area_m2": 699.43540714198218, "cause": "desconocido" }, "geometry": { "type": "Polygon", "coordinates": [ [ [ -61.24413, -38.98948 ], [ -61.24413, -38.98975 ], [ -61.24425, -38.98975 ], [ -61.24425, -38.98966 ], [ -61.24448, -38.98966 ], [ -61.24448, -38.98948 ], [ -61.24413, -38.98948 ] ] ] } },
{ "type": "Feature", "properties": { "baseline": "ndvi_diff", "year_to": 2020, "area_m2": 1698.6201239088423, "cause": "desconocido" }, "geometry": { "type": "Polygon", "coordinates": [ [ [ -61.17492, -38.98975 ], [ -61.17492, -38.99002 ], [ -61.17503, -38.99002 ], [ -61.17503, -38.99011 ], [ -61.17515, -38.99011 ], [ -61.17515, -38.9902 ], [ -61.17538, -38.9902 ], [ -61.17538, -38.98993 ], [ -61.17561, -38.98993 ], [ -61.17561, -38.98984 ], [ -61.17515, -38.98984 ], [ -61.17515, -38.98975 ], [ -61.17492, -38.98975 ] ] ] } },
{ "type": "Feature", "properties": { "baseline": "ndvi_diff", "year_to": 2020, "area_m2": 1898.4096707178792, "cause": "desconocido" }, "geometry": { "type": "Polygon", "coordinates": [ [ [ -61.17422, -38.99146 ], [ -61.17422, -38.99164 ], [ -61.17411, -38.99164 ], [ -61.17411, -38.99182 ], [ -61.17399, -38.99182 ], [ -61.17399, -38.99191 ], [ -61.17411, -38.99191 ], [ -61.17411, -38.992 ], [ -61.17434, -38.992 ], [ -61.17434, -38.99209 ], [ -61.17445, -38.99209 ], [ -61.17445, -38.99182 ], [ -61.17457, -38.99182 ], [ -61.17457, -38.99164 ], [ -61.17445, -38.99164 ], [ -61.17445, -38.99155 ], [ -61.17434, -38.99155 ], [ -61.17434, -38.99146 ], [ -61.17422, -38.99146 ] ] ] } },
{ "type": "Feature", "properties": { "baseline": "ndvi_diff", "year_to": 2020, "area_m2": 2997.4542615706951, "cause": "desconocido" }, "geometry": { "type": "Polygon", "coordinates": [ [ [ -61.18115, -38.99236 ], [ -61.18115, -38.99245 ], [ -61.18081, -38.99245 ], [ -61.18081, -38.99272 ], [ -61.18069, -38.99272 ], [ -61.18069, -38.99281 ], [ -61.18081, -38.99281 ], [ -61.18081, -38.9929 ], [ -61.18104, -38.9929 ], [ -61.18104, -38.99281 ], [ -61.18092, -38.99281 ], [ -61.18092, -38.99263 ], [ -61.18115, -38.99263 ], [ -61.18115, -38.99254 ], [ -61.1815, -38.99254 ], [ -61.1815, -38.99263 ], [ -61.18139, -38.99263 ], [ -61.18139, -38.99281 ], [ -61.18115, -38.99281 ], [ -61.18115, -38.9929 ], [ -61.1815, -38.9929 ], [ -61.1815, -38.99272 ], [ -61.18162, -38.99272 ], [ -61.18162, -38.99281 ], [ -61.18173, -38.99281 ], [ -61.18173, -38.99245 ], [ -61.18162, -38.99245 ], [ -61.18162, -38.99236 ], [ -61.18115, -38.99236 ] ] ] } },
{ "type": "Feature", "properties": { "baseline": "ndvi_diff", "year_to": 2020, "area_m2": 599.48950375056302, "cause": "desarrollo_inmobiliario" }, "geometry": { "type": "Polygon", "coordinates": [ [ [ -61.1986, -38.99263 ], [ -61.1986, -38.99272 ], [ -61.19849, -38.99272 ], [ -61.19849, -38.9929 ], [ -61.19872, -38.9929 ], [ -61.19872, -38.99281 ], [ -61.19883, -38.99281 ], [ -61.19883, -38.99272 ], [ -61.19872, -38.99272 ], [ -61.19872, -38.99263 ], [ -61.1986, -38.99263 ] ] ] } },
{ "type": "Feature", "properties": { "baseline": "ndvi_diff", "year_to": 2020, "area_m2": 2198.1181497892917, "cause": "desconocido" }, "geometry": { "type": "Polygon", "coordinates": [ [ [ -61.17353, -38.99299 ], [ -61.17353, -38.99326 ], [ -61.17364, -38.99326 ], [ -61.17364, -38.99317 ], [ -61.17422, -38.99317 ], [ -61.17422, -38.99335 ], [ -61.17434, -38.99335 ], [ -61.17434, -38.99326 ], [ -61.17445, -38.99326 ], [ -61.17445, -38.99317 ], [ -61.17457, -38.99317 ], [ -61.17457, -38.99299 ], [ -61.17353, -38.99299 ] ] ] } },
{ "type": "Feature", "properties": { "baseline": "ndvi_diff", "year_to": 2020, "area_m2": 5595.2357849649588, "cause": "desconocido" }, "geometry": { "type": "MultiPolygon", "coordinates": [ [ [ [ -61.17607, -38.9929 ], [ -61.17584, -38.9929 ], [ -61.17584, -38.99272 ], [ -61.17596, -38.99272 ], [ -61.17596, -38.99245 ], [ -61.17549, -38.99245 ], [ -61.17549, -38.99218 ], [ -61.17526, -38.99218 ], [ -61.17526, -38.99245 ], [ -61.17538, -38.99245 ], [ -61.17538, -38.99254 ], [ -61.17561, -38.99254 ], [ -61.17561, -38.99263 ], [ -61.17572, -38.99263 ], [ -61.17572, -38.99272 ], [ -61.17549, -38.99272 ], [ -61.17549, -38.99281 ], [ -61.17538, -38.99281 ], [ -61.17538, -38.99272 ], [ -61.17515, -38.99272 ], [ -61.17515, -38.99245 ], [ -61.17492, -38.99245 ], [ -61.17492, -38.99263 ], [ -61.17503, -38.99263 ], [ -61.17503, -38.99281 ], [ -61.17515, -38.99281 ], [ -61.17515, -38.99299 ], [ -61.17526, -38.99299 ], [ -61.17526, -38.99317 ], [ -61.17515, -38.99317 ], [ -61.17515, -38.99335 ], [ -61.17526, -38.99335 ], [ -61.17526, -38.99326 ], [ -61.17549, -38.99326 ], [ -61.17549, -38.99317 ], [ -61.17561, -38.99317 ], [ -61.17561, -38.99308 ], [ -61.17538, -38.99308 ], [ -61.17538, -38.99299 ], [ -61.17549, -38.99299 ], [ -61.17549, -38.9929 ], [ -61.17561, -38.9929 ], [ -61.17561, -38.99299 ], [ -61.17596, -38.99299 ], [ -61.17596, -38.99326 ], [ -61.17607, -38.99326 ], [ -61.17607, -38.9929 ] ] ], [ [ [ -61.17607, -38.99335 ], [ -61.17619, -38.99335 ], [ -61.17619, -38.99326 ], [ -61.17607, -38.99326 ], [ -61.17607, -38.99335 ] ] ], [ [ [ -61.1748, -38.99263 ], [ -61.1748, -38.99254 ], [ -61.17468, -38.99254 ], [ -61.17468, -38.99272 ], [ -61.1748, -38.99272 ], [ -61.1748, -38.99281 ], [ -61.17492, -38.99281 ], [ -61.17492, -38.99263 ], [ -61.1748, -38.99263 ] ] ] ] } },
{ "type": "Feature", "properties": { "baseline": "ndvi_diff", "year_to": 2020, "area_m2": 899.22195642599831, "cause": "desconocido" }, "geometry": { "type": "Polygon", "coordinates": [ [ [ -61.17052, -38.99362 ], [ -61.17052, -38.99389 ], [ -61.17064, -38.99389 ], [ -61.17064, -38.99398 ], [ -61.17076, -38.99398 ], [ -61.17076, -38.9938 ], [ -61.17087, -38.9938 ], [ -61.17087, -38.99362 ], [ -61.17052, -38.99362 ] ] ] } },
{ "type": "Feature", "properties": { "baseline": "ndvi_diff", "year_to": 2020, "area_m2": 1498.695602163634, "cause": "desconocido" }, "geometry": { "type": "Polygon", "coordinates": [ [ [ -61.17503, -38.99398 ], [ -61.17503, -38.99406 ], [ -61.1748, -38.99406 ], [ -61.1748, -38.99424 ], [ -61.17526, -38.99424 ], [ -61.17526, -38.99406 ], [ -61.17538, -38.99406 ], [ -61.17538, -38.99433 ], [ -61.17549, -38.99433 ], [ -61.17549, -38.99398 ], [ -61.17503, -38.99398 ] ] ] } },
{ "type": "Feature", "properties": { "baseline": "ndvi_diff", "year_to": 2020, "area_m2": 1698.5186107164432, "cause": "desconocido" }, "geometry": { "type": "Polygon", "coordinates": [ [ [ -61.17203, -38.99389 ], [ -61.17203, -38.99406 ], [ -61.17191, -38.99406 ], [ -61.17191, -38.99415 ], [ -61.17203, -38.99415 ], [ -61.17203, -38.99433 ], [ -61.17191, -38.99433 ], [ -61.17191, -38.9946 ], [ -61.17203, -38.9946 ], [ -61.17203, -38.99451 ], [ -61.17226, -38.99451 ], [ -61.17226, -38.99442 ], [ -61.17237, -38.99442 ], [ -61.17237, -38.99433 ], [ -61.17226, -38.99433 ], [ -61.17226, -38.99424 ], [ -61.17214, -38.99424 ], [ -61.17214, -38.99406 ], [ -61.17226, -38.99406 ], [ -61.17226, -38.99389 ], [ -61.17203, -38.99389 ] ] ] } },
{ "type": "Feature", "properties": { "baseline": "ndvi_diff", "year_to": 2020, "area_m2": 9491.7189594943866, "cause": "desconocido" }, "geometry": { "type": "MultiPolygon", "coordinates": [ [ [ [ -61.17284, -38.99424 ], [ -61.17272, -38.99424 ], [ -61.17272, -38.99442 ], [ -61.17284, -38.99442 ], [ -61.17284, -38.99451 ], [ -61.17307, -38.99451 ], [ -61.17307, -38.99442 ], [ -61.17318, -38.99442 ], [ -61.17318, -38.9946 ], [ -61.17307, -38.9946 ], [ -61.17307, -38.99469 ], [ -61.17318, -38.99469 ], [ -61.17318, -38.99487 ], [ -61.17353, -38.99487 ], [ -61.17353, -38.99478 ], [ -61.17364, -38.99478 ], [ -61.17364, -38.99469 ], [ -61.17376, -38.99469 ], [ -61.17376, -38.9946 ], [ -61.17399, -38.9946 ], [ -61.17399, -38.99451 ], [ -61.1748, -38.99451 ], [ -61.1748, -38.99433 ], [ -61.17468, -38.99433 ], [ -61.17468, -38.99442 ], [ -61.17445, -38.99442 ], [ -61.17445, -38.99398 ], [ -61.17457, -38.99398 ], [ -61.17457, -38.99389 ], [ -61.1748, -38.99389 ], [ -61.1748, -38.9938 ], [ -61.17492, -38.9938 ], [ -61.17492, -38.99362 ], [ -61.17468, -38.99362 ], [ -61.17468, -38.99371 ], [ -61.17445, -38.99371 ], [ -61.17445, -38.9938 ], [ -61.17422, -38.9938 ], [ -61.17422, -38.99389 ], [ -61.17434, -38.99389 ], [ -61.17434, -38.99398 ], [ -61.17399, -38.99398 ], [ -61.17399, -38.99406 ], [ -61.17388, -38.99406 ], [ -61.17388, -38.99424 ], [ -61.17399, -38.99424 ], [ -61.17399, -38.99442 ], [ -61.17388, -38.99442 ], [ -61.17388, -38.99451 ], [ -61.17341, -38.99451 ], [ -61.17341, -38.99406 ], [ -61.1733, -38.99406 ], [ -61.1733, -38.99389 ], [ -61.17307, -38.99389 ], [ -61.17307, -38.99406 ], [ -61.17295, -38.99406 ], [ -61.17295, -38.99415 ], [ -61.17284, -38.99415 ], [ -61.17284, -38.99424 ] ] ], [ [ [ -61.17272, -38.99415 ], [ -61.17284, -38.99415 ], [ -61.17284, -38.99406 ], [ -61.17272, -38.99406 ], [ -61.17272, -38.99415 ] ] ], [ [ [ -61.17272, -38.99398 ], [ -61.1726, -38.99398 ], [ -61.1726, -38.99406 ], [ -61.17272, -38.99406 ], [ -61.17272, -38.99398 ] ] ] ] } },
{ "type": "Feature", "properties": { "baseline": "ndvi_diff", "year_to": 2020, "area_m2": 2797.5485914824362, "cause": "desconocido" }, "geometry": { "type": "Polygon", "coordinates": [ [ [ -61.1763, -38.99424 ], [ -61.1763, -38.99433 ], [ -61.17572, -38.99433 ], [ -61.17572, -38.99442 ], [ -61.17596, -38.99442 ], [ -61.17596, -38.9946 ], [ -61.17619, -38.9946 ], [ -61.17619, -38.99487 ], [ -61.1763, -38.99487 ], [ -61.1763, -38.99496 ], [ -61.17642, -38.99496 ], [ -61.17642, -38.99478 ], [ -61.17653, -38.99478 ], [ -61.17653, -38.99469 ], [ -61.17665, -38.99469 ], [ -61.17665, -38.9946 ], [ -61.17653, -38.9946 ], [ -61.17653, -38.99433 ], [ -61.17642, -38.99433 ], [ -61.17642, -38.99424 ], [ -61.1763, -38.99424 ] ] ] } },
{ "type": "Feature", "properties": { "baseline": "ndvi_diff", "year_to": 2020, "area_m2": 1198.9401738485203, "cause": "desconocido" }, "geometry": { "type": "MultiPolygon", "coordinates": [ [ [ [ -61.17538, -38.99505 ], [ -61.17538, -38.99496 ], [ -61.17549, -38.99496 ], [ -61.17549, -38.99487 ], [ -61.17526, -38.99487 ], [ -61.17526, -38.99505 ], [ -61.17538, -38.99505 ] ] ], [ [ [ -61.1748, -38.99505 ], [ -61.1748, -38.99523 ], [ -61.17503, -38.99523 ], [ -61.17503, -38.99532 ], [ -61.17515, -38.99532 ], [ -61.17515, -38.99523 ], [ -61.17526, -38.99523 ], [ -61.17526, -38.99505 ], [ -61.1748, -38.99505 ] ] ] ] } },
{ "type": "Feature", "properties": { "baseline": "ndvi_diff", "year_to": 2020, "area_m2": 11489.779096329694, "cause": "desconocido" }, "geometry": { "type": "MultiPolygon", "coordinates": [ [ [ [ -61.17399, -38.99496 ], [ -61.17353, -38.99496 ], [ -61.17353, -38.99505 ], [ -61.17399, -38.99505 ], [ -61.17399, -38.99496 ] ] ], [ [ [ -61.17399, -38.99514 ], [ -61.17411, -38.99514 ], [ -61.17411, -38.99523 ], [ -61.17399, -38.99523 ], [ -61.17399, -38.99532 ], [ -61.17411, -38.99532 ], [ -61.17411, -38.99541 ], [ -61.17399, -38.99541 ], [ -61.17399, -38.99559 ], [ -61.17388, -38.99559 ], [ -61.17388, -38.99568 ], [ -61.17399, -38.99568 ], [ -61.17399, -38.99586 ], [ -61.17411, -38.99586 ], [ -61.17411, -38.99568 ], [ -61.17445, -38.99568 ], [ -61.17445, -38.9955 ], [ -61.17422, -38.9955 ], [ -61.17422, -38.99532 ], [ -61.17434, -38.99532 ], [ -61.17434, -38.99523 ], [ -61.17445, -38.99523 ], [ -61.17445, -38.99514 ], [ -61.17457, -38.99514 ], [ -61.17457, -38.99505 ], [ -61.17399, -38.99505 ], [ -61.17399, -38.99514 ] ] ], [ [ [ -61.1733, -38.9955 ], [ -61.17318, -38.9955 ], [ -61.17318, -38.99532 ], [ -61.1733, -38.99532 ], [ -61.1733, -38.99523 ], [ -61.17341, -38.99523 ], [ -61.17341, -38.99514 ], [ -61.17353, -38.99514 ], [ -61.17353, -38.99505 ], [ -61.17307, -38.99505 ], [ -61.17307, -38.99514 ], [ -61.1726, -38.99514 ], [ -61.1726, -38.99523 ], [ -61.17284, -38.99523 ], [ -61.17284, -38.99532 ], [ -61.17295, -38.99532 ], [ -61.17295, -38.9955 ], [ -61.17272, -38.9955 ], [ -61.17272, -38.99541 ], [ -61.17237, -38.99541 ], [ -61.17237, -38.99568 ], [ -61.17226, -38.99568 ], [ -61.17226, -38.99532 ], [ -61.17214, -38.99532 ], [ -61.17214, -38.99523 ], [ -61.17203, -38.99523 ], [ -61.17203, -38.99532 ], [ -61.17191, -38.99532 ], [ -61.17191, -38.99568 ], [ -61.17168, -38.99568 ], [ -61.17168, -38.99577 ], [ -61.17156, -38.99577 ], [ -61.17156, -38.99586 ], [ -61.17191, -38.99586 ], [ -61.17191, -38.99577 ], [ -61.17214, -38.99577 ], [ -61.17214, -38.99586 ], [ -61.17249, -38.99586 ], [ -61.17249, -38.99595 ], [ -61.17284, -38.99595 ], [ -61.17284, -38.99586 ], [ -61.17295, -38.99586 ], [ -61.17295, -38.99559 ], [ -61.17307, -38.99559 ], [ -61.17307, -38.99568 ], [ -61.1733, -38.99568 ], [ -61.1733, -38.9955 ] ], [ [ -61.17272, -38.99577 ], [ -61.1726, -38.99577 ], [ -61.1726, -38.99568 ], [ -61.17272, -38.99568 ], [ -61.17272, -38.99577 ] ] ], [ [ [ -61.1733, -38.99586 ], [ -61.17388, -38.99586 ], [ -61.17388, -38.99577 ], [ -61.17376, -38.99577 ], [ -61.17376, -38.99568 ], [ -61.17364, -38.99568 ], [ -61.17364, -38.99559 ], [ -61.17353, -38.99559 ], [ -61.17353, -38.9955 ], [ -61.17341, -38.9955 ], [ -61.17341, -38.99568 ], [ -61.1733, -38.99568 ], [ -61.1733, -38.99586 ] ] ], [ [ [ -61.17249, -38.99523 ], [ -61.17249, -38.99532 ], [ -61.1726, -38.99532 ], [ -61.1726, -38.99523 ], [ -61.17249, -38.99523 ] ] ] ] } },
{ "type": "Feature", "properties": { "baseline": "ndvi_diff", "year_to": 2020, "area_m2": 2997.3120363943917, "cause": "desconocido" }, "geometry": { "type": "MultiPolygon", "coordinates": [ [ [ [ -61.16648, -38.99586 ], [ -61.16636, -38.99586 ], [ -61.16636, -38.99568 ], [ -61.16625, -38.99568 ], [ -61.16625, -38.99559 ], [ -61.16613, -38.99559 ], [ -61.16613, -38.99577 ], [ -61.16579, -38.99577 ], [ -61.16579, -38.99586 ], [ -61.1659, -38.99586 ], [ -61.1659, -38.99595 ], [ -61.16602, -38.99595 ], [ -61.16602, -38.99604 ], [ -61.16613, -38.99604 ], [ -61.16613, -38.99595 ], [ -61.16648, -38.99595 ], [ -61.16648, -38.99586 ] ] ], [ [ [ -61.16683, -38.99622 ], [ -61.16683, -38.99595 ], [ -61.16648, -38.99595 ], [ -61.16648, -38.99604 ], [ -61.1666, -38.99604 ], [ -61.1666, -38.99613 ], [ -61.16671, -38.99613 ], [ -61.16671, -38.99622 ], [ -61.16683, -38.99622 ] ] ], [ [ [ -61.16671, -38.99631 ], [ -61.16671, -38.99622 ], [ -61.16636, -38.99622 ], [ -61.16636, -38.99631 ], [ -61.16671, -38.99631 ] ] ], [ [ [ -61.16613, -38.99631 ], [ -61.16613, -38.99613 ], [ -61.1659, -38.99613 ], [ -61.1659, -38.99631 ], [ -61.16602, -38.99631 ], [ -61.16602, -38.9964 ], [ -61.16636, -38.9964 ], [ -61.16636, -38.99631 ], [ -61.16613, -38.99631 ] ] ] ] } },
{ "type": "Feature", "properties": { "baseline": "ndvi_diff", "year_to": 2020, "area_m2": 499.54784366108174, "cause": "desconocido" }, "geometry": { "type": "Polygon", "coordinates": [ [ [ -61.16844, -38.99658 ], [ -61.16844, -38.99667 ], [ -61.16902, -38.99667 ], [ -61.16902, -38.99658 ], [ -61.16844, -38.99658 ] ] ] } },
{ "type": "Feature", "properties": { "baseline": "veg_to_built", "year_to": 2020, "area_m2": 1998.4227463001669, "cause": "desarrollo_inmobiliario" }, "geometry": { "type": "Polygon", "coordinates": [ [ [ -61.27521, -38.98804 ], [ -61.27521, -38.98813 ], [ -61.2751, -38.98813 ], [ -61.2751, -38.98822 ], [ -61.27521, -38.98822 ], [ -61.27521, -38.98831 ], [ -61.27533, -38.98831 ], [ -61.27533, -38.9884 ], [ -61.27556, -38.9884 ], [ -61.27556, -38.98858 ], [ -61.27579, -38.98858 ], [ -61.27579, -38.9884 ], [ -61.27591, -38.9884 ], [ -61.27591, -38.98831 ], [ -61.27579, -38.98831 ], [ -61.27579, -38.98822 ], [ -61.27556, -38.98822 ], [ -61.27556, -38.98813 ], [ -61.27545, -38.98813 ], [ -61.27545, -38.98804 ], [ -61.27521, -38.98804 ] ] ] } },
{ "type": "Feature", "properties": { "baseline": "veg_to_built", "year_to": 2020, "area_m2": 499.59404387646737, "cause": "desarrollo_inmobiliario" }, "geometry": { "type": "Polygon", "coordinates": [ [ [ -61.21813, -38.98984 ], [ -61.21813, -38.98993 ], [ -61.2179, -38.98993 ], [ -61.2179, -38.99002 ], [ -61.21802, -38.99002 ], [ -61.21802, -38.99011 ], [ -61.21813, -38.99011 ], [ -61.21813, -38.99002 ], [ -61.21825, -38.99002 ], [ -61.21825, -38.98984 ], [ -61.21813, -38.98984 ] ] ] } },
{ "type": "Feature", "properties": { "baseline": "veg_to_built", "year_to": 2020, "area_m2": 2997.5484065706951, "cause": "desarrollo_inmobiliario" }, "geometry": { "type": "Polygon", "coordinates": [ [ [ -61.21732, -38.98993 ], [ -61.21732, -38.99002 ], [ -61.21721, -38.99002 ], [ -61.21721, -38.99047 ], [ -61.21732, -38.99047 ], [ -61.21732, -38.99056 ], [ -61.21744, -38.99056 ], [ -61.21744, -38.99065 ], [ -61.21732, -38.99065 ], [ -61.21732, -38.99083 ], [ -61.21755, -38.99083 ], [ -61.21755, -38.99056 ], [ -61.21767, -38.99056 ], [ -61.21767, -38.99047 ], [ -61.21779, -38.99047 ], [ -61.21779, -38.99029 ], [ -61.21767, -38.99029 ], [ -61.21767, -38.99011 ], [ -61.21755, -38.99011 ], [ -61.21755, -38.99002 ], [ -61.21744, -38.99002 ], [ -61.21744, -38.98993 ], [ -61.21732, -38.98993 ] ] ] } },
{ "type": "Feature", "properties": { "baseline": "veg_to_built", "year_to": 2020, "area_m2": 699.40419213603036, "cause": "desarrollo_inmobiliario" }, "geometry": { "type": "Polygon", "coordinates": [ [ [ -61.1986, -38.99263 ], [ -61.1986, -38.99272 ], [ -61.19849, -38.99272 ], [ -61.19849, -38.9929 ], [ -61.1986, -38.9929 ], [ -61.1986, -38.99299 ], [ -61.19872, -38.99299 ], [ -61.19872, -38.99281 ], [ -61.19883, -38.99281 ], [ -61.19883, -38.99272 ], [ -61.19872, -38.99272 ], [ -61.19872, -38.99263 ], [ -61.1986, -38.99263 ] ] ] } },
{ "type": "Feature", "properties": { "baseline": "ndvi_diff", "year_to": 2021, "area_m2": 499.74558290161042, "cause": "desconocido" }, "geometry": { "type": "Polygon", "coordinates": [ [ [ -61.31057, -38.96799 ], [ -61.31057, -38.96826 ], [ -61.3108, -38.96826 ], [ -61.3108, -38.96808 ], [ -61.31069, -38.96808 ], [ -61.31069, -38.96799 ], [ -61.31057, -38.96799 ] ] ] } },
{ "type": "Feature", "properties": { "baseline": "ndvi_diff", "year_to": 2021, "area_m2": 1299.2006794349165, "cause": "desconocido" }, "geometry": { "type": "Polygon", "coordinates": [ [ [ -61.28273, -38.97554 ], [ -61.28273, -38.97563 ], [ -61.28261, -38.97563 ], [ -61.28261, -38.97581 ], [ -61.28273, -38.97581 ], [ -61.28273, -38.9759 ], [ -61.28284, -38.9759 ], [ -61.28284, -38.97599 ], [ -61.28307, -38.97599 ], [ -61.28307, -38.97572 ], [ -61.28296, -38.97572 ], [ -61.28296, -38.97563 ], [ -61.28284, -38.97563 ], [ -61.28284, -38.97554 ], [ -61.28273, -38.97554 ] ] ] } },
{ "type": "Feature", "properties": { "baseline": "ndvi_diff", "year_to": 2021, "area_m2": 499.65097334857103, "cause": "desarrollo_inmobiliario" }, "geometry": { "type": "Polygon", "coordinates": [ [ [ -61.27082, -38.98166 ], [ -61.27082, -38.98193 ], [ -61.27094, -38.98193 ], [ -61.27094, -38.98184 ], [ -61.27105, -38.98184 ], [ -61.27105, -38.98166 ], [ -61.27082, -38.98166 ] ] ] } },
{ "type": "Feature", "properties": { "baseline": "ndvi_diff", "year_to": 2021, "area_m2": 999.10317960610826, "cause": "desarrollo_inmobiliario" }, "geometry": { "type": "Polygon", "coordinates": [ [ [ -61.18913, -38.99586 ], [ -61.18913, -38.99631 ], [ -61.18936, -38.99631 ], [ -61.18936, -38.99586 ], [ -61.18913, -38.99586 ] ] ] } },
{ "type": "Feature", "properties": { "baseline": "ndvi_diff", "year_to": 2022, "area_m2": 999.35674613930075, "cause": "desconocido" }, "geometry": { "type": "Polygon", "coordinates": [ [ [ -61.32536, -38.9777 ], [ -61.32536, -38.97779 ], [ -61.32525, -38.97779 ], [ -61.32525, -38.97788 ], [ -61.3256, -38.97788 ], [ -61.3256, -38.97797 ], [ -61.32583, -38.97797 ], [ -61.32583, -38.97779 ], [ -61.32571, -38.97779 ], [ -61.32571, -38.9777 ], [ -61.32536, -38.9777 ] ] ] } },
{ "type": "Feature", "properties": { "baseline": "ndvi_diff", "year_to": 2022, "area_m2": 699.54613995095008, "cause": "desarrollo_inmobiliario" }, "geometry": { "type": "Polygon", "coordinates": [ [ [ -61.30445, -38.97806 ], [ -61.30445, -38.97815 ], [ -61.30433, -38.97815 ], [ -61.30433, -38.97833 ], [ -61.30456, -38.97833 ], [ -61.30456, -38.97824 ], [ -61.30468, -38.97824 ], [ -61.30468, -38.97806 ], [ -61.30445, -38.97806 ] ] ] } },
{ "type": "Feature", "properties": { "baseline": "ndvi_diff", "year_to": 2022, "area_m2": 2298.513239157528, "cause": "desconocido" }, "geometry": { "type": "Polygon", "coordinates": [ [ [ -61.32432, -38.97779 ], [ -61.32432, -38.97788 ], [ -61.32409, -38.97788 ], [ -61.32409, -38.97797 ], [ -61.32398, -38.97797 ], [ -61.32398, -38.97842 ], [ -61.32409, -38.97842 ], [ -61.32409, -38.97833 ], [ -61.32421, -38.97833 ], [ -61.32421, -38.97815 ], [ -61.32456, -38.97815 ], [ -61.32456, -38.97806 ], [ -61.32467, -38.97806 ], [ -61.32467, -38.97788 ], [ -61.32456, -38.97788 ], [ -61.32456, -38.97779 ], [ -61.32432, -38.97779 ] ] ] } },
{ "type": "Feature", "properties": { "baseline": "ndvi_diff", "year_to": 2022, "area_m2": 599.60498554823164, "cause": "desarrollo_inmobiliario" }, "geometry": { "type": "Polygon", "coordinates": [ [ [ -61.31912, -38.97878 ], [ -61.31912, -38.97905 ], [ -61.31936, -38.97905 ], [ -61.31936, -38.97878 ], [ -61.31912, -38.97878 ] ] ] } },
{ "type": "Feature", "properties": { "baseline": "ndvi_diff", "year_to": 2022, "area_m2": 4796.8428796250728, "cause": "desarrollo_inmobiliario" }, "geometry": { "type": "Polygon", "coordinates": [ [ [ -61.30456, -38.97851 ], [ -61.30456, -38.9786 ], [ -61.30433, -38.9786 ], [ -61.30433, -38.97869 ], [ -61.30422, -38.97869 ], [ -61.30422, -38.97878 ], [ -61.3041, -38.97878 ], [ -61.3041, -38.97887 ], [ -61.30422, -38.97887 ], [ -61.30422, -38.97896 ], [ -61.30445, -38.97896 ], [ -61.30445, -38.97914 ], [ -61.30456, -38.97914 ], [ -61.30456, -38.97923 ], [ -61.3048, -38.97923 ], [ -61.3048, -38.97932 ], [ -61.30491, -38.97932 ], [ -61.30491, -38.97923 ], [ -61.30503, -38.97923 ], [ -61.30503, -38.97887 ], [ -61.30514, -38.97887 ], [ -61.30514, -38.97869 ], [ -61.30503, -38.97869 ], [ -61.30503, -38.9786 ], [ -61.30491, -38.9786 ], [ -61.30491, -38.97851 ], [ -61.30456, -38.97851 ] ] ] } },
{ "type": "Feature", "properties": { "baseline": "ndvi_diff", "year_to": 2022, "area_m2": 1399.0423488975625, "cause": "desconocido" }, "geometry": { "type": "Polygon", "coordinates": [ [ [ -61.25442, -38.98067 ], [ -61.25442, -38.98076 ], [ -61.25407, -38.98076 ], [ -61.25407, -38.98085 ], [ -61.25499, -38.98085 ], [ -61.25499, -38.98076 ], [ -61.25511, -38.98076 ], [ -61.25511, -38.98067 ], [ -61.25442, -38.98067 ] ] ] } },
{ "type": "Feature", "properties": { "baseline": "ndvi_diff", "year_to": 2022, "area_m2": 30579.150229886098, "cause": "desconocido" }, "geometry": { "type": "Polygon", "coordinates": [ [ [ -61.26597, -38.98013 ], [ -61.26597, -38.98022 ], [ -61.26528, -38.98022 ], [ -61.26528, -38.98031 ], [ -61.26493, -38.98031 ], [ -61.26493, -38.9804 ], [ -61.26435, -38.9804 ], [ -61.26435, -38.98049 ], [ -61.26389, -38.98049 ], [ -61.26389, -38.9804 ], [ -61.26377, -38.9804 ], [ -61.26377, -38.98049 ], [ -61.26354, -38.98049 ], [ -61.26354, -38.9804 ], [ -61.26331, -38.9804 ], [ -61.26331, -38.98049 ], [ -61.26273, -38.98049 ], [ -61.26273, -38.98058 ], [ -61.26193, -38.98058 ], [ -61.26193, -38.98067 ], [ -61.26158, -38.98067 ], [ -61.26158, -38.98058 ], [ -61.26146, -38.98058 ], [ -61.26146, -38.98067 ], [ -61.25961, -38.98067 ], [ -61.25961, -38.98058 ], [ -61.25881, -38.98058 ], [ -61.25881, -38.98049 ], [ -61.25869, -38.98049 ], [ -61.25869, -38.98031 ], [ -61.25857, -38.98031 ], [ -61.25857, -38.9804 ], [ -61.25846, -38.9804 ], [ -61.25846, -38.98049 ], [ -61.25834, -38.98049 ], [ -61.25834, -38.9804 ], [ -61.258, -38.9804 ], [ -61.258, -38.98049 ], [ -61.25777, -38.98049 ], [ -61.25777, -38.9804 ], [ -61.25753, -38.9804 ], [ -61.25753, -38.98049 ], [ -61.25592, -38.98049 ], [ -61.25592, -38.98058 ], [ -61.25569, -38.98058 ], [ -61.25569, -38.98076 ], [ -61.25707, -38.98076 ], [ -61.25707, -38.98067 ], [ -61.25753, -38.98067 ], [ -61.25753, -38.98076 ], [ -61.25846, -38.98076 ], [ -61.25846, -38.98085 ], [ -61.25857, -38.98085 ], [ -61.25857, -38.98094 ], [ -61.25881, -38.98094 ], [ -61.25881, -38.98085 ], [ -61.26008, -38.98085 ], [ -61.26008, -38.98094 ], [ -61.26135, -38.98094 ], [ -61.26135, -38.98085 ], [ -61.26169, -38.98085 ], [ -61.26169, -38.98076 ], [ -61.26262, -38.98076 ], [ -61.26262, -38.98067 ], [ -61.26285, -38.98067 ], [ -61.26285, -38.98076 ], [ -61.26331, -38.98076 ], [ -61.26331, -38.98067 ], [ -61.26343, -38.98067 ], [ -61.26343, -38.98058 ], [ -61.26389, -38.98058 ], [ -61.26389, -38.98067 ], [ -61.26401, -38.98067 ], [ -61.26401, -38.98058 ], [ -61.26574, -38.98058 ], [ -61.26574, -38.98049 ], [ -61.26689, -38.98049 ], [ -61.26689, -38.98058 ], [ -61.26736, -38.98058 ], [ -61.26736, -38.98049 ], [ -61.2677, -38.98049 ], [ -61.2677, -38.98058 ], [ -61.26782, -38.98058 ], [ -61.26782, -38.98049 ], [ -61.26793, -38.98049 ], [ -61.26793, -38.98058 ], [ -61.26817, -38.98058 ], [ -61.26817, -38.98049 ], [ -61.26851, -38.98049 ], [ -61.26851, -38.98031 ], [ -61.26759, -38.98031 ], [ -61.26759, -38.98022 ], [ -61.26747, -38.98022 ], [ -61.26747, -38.98031 ], [ -61.26713, -38.98031 ], [ -61.26713, -38.98022 ], [ -61.26632, -38.98022 ], [ -61.26632, -38.98013 ], [ -61.26597, -38.98013 ] ] ] } },
{ "type": "Feature", "properties": { "baseline": "ndvi_diff", "year_to": 2022, "area_m2": 599.57914567649732, "cause": "desarrollo_inmobiliario" }, "geometry": { "type": "Polygon", "coordinates": [ [ [ -61.27163, -38.98193 ], [ -61.27163, -38.98211 ], [ -61.27198, -38.98211 ], [ -61.27198, -38.98193 ], [ -61.27163, -38.98193 ] ] ] } },
{ "type": "Feature", "properties": { "baseline": "ndvi_diff", "year_to": 2022, "area_m2": 2098.3966136594036, "cause": "desarrollo_inmobiliario" }, "geometry": { "type": "Polygon", "coordinates": [ [ [ -61.27637, -38.98633 ], [ -61.27637, -38.98642 ], [ -61.27591, -38.98642 ], [ -61.27591, -38.98633 ], [ -61.27556, -38.98633 ], [ -61.27556, -38.9866 ], [ -61.2766, -38.9866 ], [ -61.2766, -38.98651 ], [ -61.27649, -38.98651 ], [ -61.27649, -38.98633 ], [ -61.27637, -38.98633 ] ] ] } },
{ "type": "Feature", "properties": { "baseline": "ndvi_diff", "year_to": 2022, "area_m2": 599.53620011454211, "cause": "desconocido" }, "geometry": { "type": "Polygon", "coordinates": [ [ [ -61.2714, -38.98705 ], [ -61.2714, -38.98723 ], [ -61.27152, -38.98723 ], [ -61.27152, -38.98732 ], [ -61.27163, -38.98732 ], [ -61.27163, -38.98723 ], [ -61.27175, -38.98723 ], [ -61.27175, -38.98714 ], [ -61.27163, -38.98714 ], [ -61.27163, -38.98705 ], [ -61.2714, -38.98705 ] ] ] } },
{ "type": "Feature", "properties": { "baseline": "ndvi_diff", "year_to": 2022, "area_m2": 1698.6889175972087, "cause": "desarrollo_inmobiliario" }, "geometry": { "type": "Polygon", "coordinates": [ [ [ -61.27568, -38.98678 ], [ -61.27568, -38.98705 ], [ -61.27591, -38.98705 ], [ -61.27591, -38.98714 ], [ -61.27579, -38.98714 ], [ -61.27579, -38.98723 ], [ -61.27591, -38.98723 ], [ -61.27591, -38.98741 ], [ -61.27602, -38.98741 ], [ -61.27602, -38.98732 ], [ -61.27614, -38.98732 ], [ -61.27614, -38.98714 ], [ -61.27602, -38.98714 ], [ -61.27602, -38.98696 ], [ -61.27614, -38.98696 ], [ -61.27614, -38.98687 ], [ -61.27602, -38.98687 ], [ -61.27602, -38.98678 ], [ -61.27568, -38.98678 ] ] ] } },
{ "type": "Feature", "properties": { "baseline": "ndvi_diff", "year_to": 2022, "area_m2": 16687.193175305343, "cause": "desconocido" }, "geometry": { "type": "Polygon", "coordinates": [ [ [ -61.2736, -38.98624 ], [ -61.2736, -38.98633 ], [ -61.27371, -38.98633 ], [ -61.27371, -38.98669 ], [ -61.27337, -38.98669 ], [ -61.27337, -38.9866 ], [ -61.27325, -38.9866 ], [ -61.27325, -38.98642 ], [ -61.27348, -38.98642 ], [ -61.27348, -38.98633 ], [ -61.27313, -38.98633 ], [ -61.27313, -38.98651 ], [ -61.27302, -38.98651 ], [ -61.27302, -38.98642 ], [ -61.27233, -38.98642 ], [ -61.27233, -38.98651 ], [ -61.27209, -38.98651 ], [ -61.27209, -38.9866 ], [ -61.27175, -38.9866 ], [ -61.27175, -38.98669 ], [ -61.27163, -38.98669 ], [ -61.27163, -38.9866 ], [ -61.27071, -38.9866 ], [ -61.27071, -38.98669 ], [ -61.27036, -38.98669 ], [ -61.27036, -38.98687 ], [ -61.27048, -38.98687 ], [ -61.27048, -38.98696 ], [ -61.27071, -38.98696 ], [ -61.27071, -38.98687 ], [ -61.27163, -38.98687 ], [ -61.27163, -38.98678 ], [ -61.27244, -38.98678 ], [ -61.27244, -38.98669 ], [ -61.27267, -38.98669 ], [ -61.27267, -38.9866 ], [ -61.27302, -38.9866 ], [ -61.27302, -38.98687 ], [ -61.27325, -38.98687 ], [ -61.27325, -38.98696 ], [ -61.27337, -38.98696 ], [ -61.27337, -38.98705 ], [ -61.27348, -38.98705 ], [ -61.27348, -38.98723 ], [ -61.27337, -38.98723 ], [ -61.27337, -38.98732 ], [ -61.27348, -38.98732 ], [ -61.27348, -38.98768 ], [ -61.2736, -38.98768 ], [ -61.2736, -38.98759 ], [ -61.27371, -38.98759 ], [ -61.27371, -38.9875 ], [ -61.27383, -38.9875 ], [ -61.27383, -38.98714 ], [ -61.27394, -38.98714 ], [ -61.27394, -38.98687 ], [ -61.27383, -38.98687 ], [ -61.27383, -38.98678 ], [ -61.27394, -38.98678 ], [ -61.27394, -38.98669 ], [ -61.27406, -38.98669 ], [ -61.27406, -38.98651 ], [ -61.27441, -38.98651 ], [ -61.27441, -38.9866 ], [ -61.27452, -38.9866 ], [ -61.27452, -38.98705 ], [ -61.27475, -38.98705 ], [ -61.27475, -38.98687 ], [ -61.27487, -38.98687 ], [ -61.27487, -38.98633 ], [ -61.27452, -38.98633 ], [ -61.27452, -38.98624 ], [ -61.2736, -38.98624 ] ] ] } },
{ "type": "Feature", "properties": { "baseline": "ndvi_diff", "year_to": 2022, "area_m2": 1998.4508376987492, "cause": "desconocido" }, "geometry": { "type": "Polygon", "coordinates": [ [ [ -61.27256, -38.98687 ], [ -61.27256, -38.9875 ], [ -61.27267, -38.9875 ], [ -61.27267, -38.98759 ], [ -61.27279, -38.98759 ], [ -61.27279, -38.98768 ], [ -61.2729, -38.98768 ], [ -61.2729, -38.98714 ], [ -61.27279, -38.98714 ], [ -61.27279, -38.98696 ], [ -61.27267, -38.98696 ], [ -61.27267, -38.98687 ], [ -61.27256, -38.98687 ] ] ] } },
{ "type": "Feature", "properties": { "baseline": "ndvi_diff", "year_to": 2022, "area_m2": 2397.9555178958744, "cause": "desarrollo_inmobiliario" }, "geometry": { "type": "MultiPolygon", "coordinates": [ [ [ [ -61.18971, -38.99263 ], [ -61.18959, -38.99263 ], [ -61.18959, -38.99254 ], [ -61.18947, -38.99254 ], [ -61.18947, -38.99245 ], [ -61.18936, -38.99245 ], [ -61.18936, -38.99272 ], [ -61.18947, -38.99272 ], [ -61.18947, -38.99281 ], [ -61.18971, -38.99281 ], [ -61.18971, -38.99263 ] ] ], [ [ [ -61.18971, -38.9929 ], [ -61.18959, -38.9929 ], [ -61.18959, -38.99308 ], [ -61.18971, -38.99308 ], [ -61.18971, -38.99335 ], [ -61.18982, -38.99335 ], [ -61.18982, -38.99299 ], [ -61.19005, -38.99299 ], [ -61.19005, -38.9929 ], [ -61.19028, -38.9929 ], [ -61.19028, -38.99272 ], [ -61.19005, -38.99272 ], [ -61.19005, -38.99281 ], [ -61.18971, -38.99281 ], [ -61.18971, -38.9929 ] ] ] ] } },
{ "type": "Feature", "properties": { "baseline": "ndvi_diff", "year_to": 2022, "area_m2": 599.47227206697244, "cause": "desconocido" }, "geometry": { "type": "Polygon", "coordinates": [ [ [ -61.18012, -38.99469 ], [ -61.18012, -38.99478 ], [ -61.18, -38.99478 ], [ -61.18, -38.99487 ], [ -61.18012, -38.99487 ], [ -61.18012, -38.99496 ], [ -61.18035, -38.99496 ], [ -61.18035, -38.99478 ], [ -61.18023, -38.99478 ], [ -61.18023, -38.99469 ], [ -61.18012, -38.99469 ] ] ] } },
{ "type": "Feature", "properties": { "baseline": "ndvi_diff", "year_to": 2022, "area_m2": 499.55183955928237, "cause": "desconocido" }, "geometry": { "type": "Polygon", "coordinates": [ [ [ -61.17665, -38.99595 ], [ -61.17665, -38.99604 ], [ -61.17653, -38.99604 ], [ -61.17653, -38.99613 ], [ -61.17688, -38.99613 ], [ -61.17688, -38.99595 ], [ -61.17665, -38.99595 ] ] ] } },
{ "type": "Feature", "properties": { "baseline": "veg_to_built", "year_to": 2022, "area_m2": 599.62408334154043, "cause": "desarrollo_inmobiliario" }, "geometry": { "type": "Polygon", "coordinates": [ [ [ -61.28654, -38.97653 ], [ -61.28654, -38.97662 ], [ -61.28642, -38.97662 ], [ -61.28642, -38.97671 ], [ -61.28677, -38.97671 ], [ -61.28677, -38.97662 ], [ -61.28689, -38.97662 ], [ -61.28689, -38.97653 ], [ -61.28654, -38.97653 ] ] ] } },
{ "type": "Feature", "properties": { "baseline": "veg_to_built", "year_to": 2022, "area_m2": 599.6109770758294, "cause": "desarrollo_inmobiliario" }, "geometry": { "type": "Polygon", "coordinates": [ [ [ -61.30445, -38.97806 ], [ -61.30445, -38.97815 ], [ -61.30433, -38.97815 ], [ -61.30433, -38.97833 ], [ -61.30456, -38.97833 ], [ -61.30456, -38.97815 ], [ -61.30468, -38.97815 ], [ -61.30468, -38.97806 ], [ -61.30445, -38.97806 ] ] ] } },
{ "type": "Feature", "properties": { "baseline": "veg_to_built", "year_to": 2022, "area_m2": 3197.8955027629509, "cause": "desarrollo_inmobiliario" }, "geometry": { "type": "Polygon", "coordinates": [ [ [ -61.30456, -38.97851 ], [ -61.30456, -38.97914 ], [ -61.30468, -38.97914 ], [ -61.30468, -38.97923 ], [ -61.30503, -38.97923 ], [ -61.30503, -38.97887 ], [ -61.30514, -38.97887 ], [ -61.30514, -38.97869 ], [ -61.30503, -38.97869 ], [ -61.30503, -38.9786 ], [ -61.30491, -38.9786 ], [ -61.30491, -38.97851 ], [ -61.30456, -38.97851 ] ] ] } },
{ "type": "Feature", "properties": { "baseline": "veg_to_built", "year_to": 2022, "area_m2": 599.48750597604385, "cause": "desarrollo_inmobiliario" }, "geometry": { "type": "Polygon", "coordinates": [ [ [ -61.20427, -38.9929 ], [ -61.20427, -38.99299 ], [ -61.20415, -38.99299 ], [ -61.20415, -38.99308 ], [ -61.20427, -38.99308 ], [ -61.20427, -38.99317 ], [ -61.20438, -38.99317 ], [ -61.20438, -38.99308 ], [ -61.2045, -38.99308 ], [ -61.2045, -38.9929 ], [ -61.20427, -38.9929 ] ] ] } },
{ "type": "Feature", "properties": { "baseline": "veg_to_built", "year_to": 2022, "area_m2": 699.39957214804087, "cause": "desarrollo_inmobiliario" }, "geometry": { "type": "MultiPolygon", "coordinates": [ [ [ [ -61.18971, -38.99299 ], [ -61.18959, -38.99299 ], [ -61.18959, -38.99308 ], [ -61.18971, -38.99308 ], [ -61.18971, -38.99299 ] ] ], [ [ [ -61.18971, -38.99335 ], [ -61.18959, -38.99335 ], [ -61.18959, -38.99344 ], [ -61.18971, -38.99344 ], [ -61.18971, -38.99353 ], [ -61.18982, -38.99353 ], [ -61.18982, -38.99308 ], [ -61.18971, -38.99308 ], [ -61.18971, -38.99335 ] ] ] ] } },
{ "type": "Feature", "properties": { "baseline": "veg_to_built", "year_to": 2022, "area_m2": 499.55945678582606, "cause": "desarrollo_inmobiliario" }, "geometry": { "type": "Polygon", "coordinates": [ [ [ -61.19213, -38.99487 ], [ -61.19213, -38.99505 ], [ -61.19236, -38.99505 ], [ -61.19236, -38.99496 ], [ -61.19248, -38.99496 ], [ -61.19248, -38.99487 ], [ -61.19213, -38.99487 ] ] ] } },
{ "type": "Feature", "properties": { "baseline": "veg_to_built", "year_to": 2022, "area_m2": 599.4609087630879, "cause": "desarrollo_inmobiliario" }, "geometry": { "type": "Polygon", "coordinates": [ [ [ -61.19467, -38.99604 ], [ -61.19467, -38.99631 ], [ -61.19502, -38.99631 ], [ -61.19502, -38.99622 ], [ -61.19491, -38.99622 ], [ -61.19491, -38.99613 ], [ -61.19479, -38.99613 ], [ -61.19479, -38.99604 ], [ -61.19467, -38.99604 ] ] ] } },
{ "type": "Feature", "properties": { "baseline": "ndvi_diff", "year_to": 2023, "area_m2": 499.8586274698763, "cause": "desconocido" }, "geometry": { "type": "Polygon", "coordinates": [ [ [ -61.35425, -38.95172 ], [ -61.35425, -38.95181 ], [ -61.35402, -38.95181 ], [ -61.35402, -38.95199 ], [ -61.35414, -38.95199 ], [ -61.35414, -38.9519 ], [ -61.35437, -38.9519 ], [ -61.35437, -38.95172 ], [ -61.35425, -38.95172 ] ] ] } },
{ "type": "Feature", "properties": { "baseline": "ndvi_diff", "year_to": 2023, "area_m2": 599.70445844344533, "cause": "desconocido" }, "geometry": { "type": "Polygon", "coordinates": [ [ [ -61.34836, -38.96673 ], [ -61.34836, -38.967 ], [ -61.34824, -38.967 ], [ -61.34824, -38.96718 ], [ -61.34836, -38.96718 ], [ -61.34836, -38.96709 ], [ -61.34847, -38.96709 ], [ -61.34847, -38.96673 ], [ -61.34836, -38.96673 ] ] ] } },
{ "type": "Feature", "properties": { "baseline": "ndvi_diff", "year_to": 2023, "area_m2": 999.42639339052892, "cause": "desconocido" }, "geometry": { "type": "Polygon", "coordinates": [ [ [ -61.32675, -38.97258 ], [ -61.32675, -38.97276 ], [ -61.32687, -38.97276 ], [ -61.32687, -38.97303 ], [ -61.3271, -38.97303 ], [ -61.3271, -38.97267 ], [ -61.32687, -38.97267 ], [ -61.32687, -38.97258 ], [ -61.32675, -38.97258 ] ] ] } },
{ "type": "Feature", "properties": { "baseline": "ndvi_diff", "year_to": 2023, "area_m2": 11092.961350494028, "cause": "desconocido" }, "geometry": { "type": "Polygon", "coordinates": [ [ [ -61.32236, -38.97644 ], [ -61.32236, -38.97662 ], [ -61.32213, -38.97662 ], [ -61.32213, -38.9768 ], [ -61.3219, -38.9768 ], [ -61.3219, -38.97689 ], [ -61.32178, -38.97689 ], [ -61.32178, -38.97698 ], [ -61.32167, -38.97698 ], [ -61.32167, -38.97716 ], [ -61.32155, -38.97716 ], [ -61.32155, -38.97734 ], [ -61.32144, -38.97734 ], [ -61.32144, -38.97761 ], [ -61.3219, -38.97761 ], [ -61.3219, -38.9777 ], [ -61.32201, -38.9777 ], [ -61.32201, -38.97761 ], [ -61.32282, -38.97761 ], [ -61.32282, -38.9777 ], [ -61.32294, -38.9777 ], [ -61.32294, -38.97752 ], [ -61.32282, -38.97752 ], [ -61.32282, -38.97725 ], [ -61.32271, -38.97725 ], [ -61.32271, -38.97707 ], [ -61.32282, -38.97707 ], [ -61.32282, -38.9768 ], [ -61.32271, -38.9768 ], [ -61.32271, -38.97653 ], [ -61.32259, -38.97653 ], [ -61.32259, -38.97644 ], [ -61.32236, -38.97644 ] ] ] } },
{ "type": "Feature", "properties": { "baseline": "ndvi_diff", "year_to": 2023, "area_m2": 87845.307590338052, "cause": "desconocido" }, "geometry": { "type": "MultiPolygon", "coordinates": [ [ [ [ -61.32109, -38.97644 ], [ -61.3212, -38.97644 ], [ -61.3212, -38.97653 ], [ -61.32132, -38.97653 ], [ -61.32132, -38.97626 ], [ -61.32144, -38.97626 ], [ -61.32144, -38.97608 ], [ -61.32155, -38.97608 ], [ -61.32155, -38.97581 ], [ -61.32167, -38.97581 ], [ -61.32167, -38.97554 ], [ -61.32155, -38.97554 ], [ -61.32155, -38.97546 ], [ -61.32167, -38.97546 ], [ -61.32167, -38.97519 ], [ -61.32178, -38.97519 ], [ -61.32178, -38.9751 ], [ -61.32201, -38.9751 ], [ -61.32201, -38.97501 ], [ -61.32167, -38.97501 ], [ -61.32167, -38.97492 ], [ -61.3212, -38.97492 ], [ -61.3212, -38.97501 ], [ -61.32051, -38.97501 ], [ -61.32051, -38.97492 ], [ -61.32028, -38.97492 ], [ -61.32028, -38.97501 ], [ -61.31993, -38.97501 ], [ -61.31993, -38.97492 ], [ -61.31959, -38.97492 ], [ -61.31959, -38.97501 ], [ -61.31901, -38.97501 ], [ -61.31901, -38.9751 ], [ -61.31889, -38.9751 ], [ -61.31889, -38.97501 ], [ -61.31866, -38.97501 ], [ -61.31866, -38.97492 ], [ -61.31855, -38.97492 ], [ -61.31855, -38.9751 ], [ -61.31843, -38.9751 ], [ -61.31843, -38.97519 ], [ -61.31832, -38.97519 ], [ -61.31832, -38.97546 ], [ -61.31808, -38.97546 ], [ -61.31808, -38.97554 ], [ -61.31797, -38.97554 ], [ -61.31797, -38.97563 ], [ -61.31785, -38.97563 ], [ -61.31785, -38.97662 ], [ -61.31797, -38.97662 ], [ -61.31797, -38.9777 ], [ -61.31866, -38.9777 ], [ -61.31866, -38.97761 ], [ -61.31889, -38.97761 ], [ -61.31889, -38.9777 ], [ -61.31912, -38.9777 ], [ -61.31912, -38.97761 ], [ -61.31936, -38.97761 ], [ -61.31936, -38.9777 ], [ -61.3197, -38.9777 ], [ -61.3197, -38.97779 ], [ -61.31993, -38.97779 ], [ -61.31993, -38.9777 ], [ -61.3212, -38.9777 ], [ -61.3212, -38.97734 ], [ -61.32132, -38.97734 ], [ -61.32132, -38.97707 ], [ -61.32086, -38.97707 ], [ -61.32086, -38.97689 ], [ -61.32109, -38.97689 ], [ -61.32109, -38.97671 ], [ -61.32097, -38.97671 ], [ -61.32097, -38.9768 ], [ -61.32074, -38.9768 ], [ -61.32074, -38.97662 ], [ -61.32109, -38.97662 ], [ -61.32109, -38.97644 ] ], [ [ -61.31843, -38.97546 ], [ -61.31843, -38.97563 ], [ -61.31832, -38.97563 ], [ -61.31832, -38.97546 ], [ -61.31843, -38.97546 ] ], [ [ -61.32109, -38.97599 ], [ -61.32074, -38.97599 ], [ -61.32074, -38.9759 ], [ -61.32086, -38.9759 ], [ -61.32086, -38.97581 ], [ -61.32109, -38.97581 ], [ -61.32109, -38.97599 ] ], [ [ -61.32063, -38.97635 ], [ -61.3204, -38.97635 ], [ -61.3204, -38.97626 ], [ -61.32063, -38.97626 ], [ -61.32063, -38.97635 ] ] ], [ [ [ -61.3212, -38.97671 ], [ -61.3212, -38.9768 ], [ -61.32132, -38.9768 ], [ -61.32132, -38.97689 ], [ -61.32144, -38.97689 ], [ -61.32144, -38.97662 ], [ -61.32109, -38.97662 ], [ -61.32109, -38.97671 ], [ -61.3212, -38.97671 ] ] ], [ [ [ -61.32144, -38.97707 ], [ -61.32144, -38.97698 ], [ -61.32132, -38.97698 ], [ -61.32132, -38.97707 ], [ -61.32144, -38.97707 ] ] ] ] } },
{ "type": "Feature", "properties": { "baseline": "ndvi_diff", "year_to": 2023, "area_m2": 999.358618537344, "cause": "desarrollo_inmobiliario" }, "geometry": { "type": "MultiPolygon", "coordinates": [ [ [ [ -61.28804, -38.97779 ], [ -61.28804, -38.9777 ], [ -61.28816, -38.9777 ], [ -61.28816, -38.97761 ], [ -61.28827, -38.97761 ], [ -61.28827, -38.97752 ], [ -61.28793, -38.97752 ], [ -61.28793, -38.97761 ], [ -61.28781, -38.97761 ], [ -61.28781, -38.97779 ], [ -61.28804, -38.97779 ] ] ], [ [ [ -61.28769, -38.97779 ], [ -61.28769, -38.97797 ], [ -61.28781, -38.97797 ], [ -61.28781, -38.97779 ], [ -61.28769, -38.97779 ] ] ] ] } },
{ "type": "Feature", "properties": { "baseline": "ndvi_diff", "year_to": 2023, "area_m2": 599.59112956685476, "cause": "desconocido" }, "geometry": { "type": "Polygon", "coordinates": [ [ [ -61.25014, -38.98049 ], [ -61.25014, -38.98067 ], [ -61.25049, -38.98067 ], [ -61.25049, -38.98049 ], [ -61.25014, -38.98049 ] ] ] } },
{ "type": "Feature", "properties": { "baseline": "ndvi_diff", "year_to": 2023, "area_m2": 499.65821358958488, "cause": "desconocido" }, "geometry": { "type": "Polygon", "coordinates": [ [ [ -61.24968, -38.98058 ], [ -61.24968, -38.98067 ], [ -61.24956, -38.98067 ], [ -61.24956, -38.98085 ], [ -61.24979, -38.98085 ], [ -61.24979, -38.98058 ], [ -61.24968, -38.98058 ] ] ] } },
{ "type": "Feature", "properties": { "baseline": "ndvi_diff", "year_to": 2023, "area_m2": 1498.9711453879629, "cause": "desconocido" }, "geometry": { "type": "Polygon", "coordinates": [ [ [ -61.24413, -38.98076 ], [ -61.24413, -38.98085 ], [ -61.2439, -38.98085 ], [ -61.2439, -38.98094 ], [ -61.24402, -38.98094 ], [ -61.24402, -38.98103 ], [ -61.24459, -38.98103 ], [ -61.24459, -38.98076 ], [ -61.24413, -38.98076 ] ] ] } },
{ "type": "Feature", "properties": { "baseline": "ndvi_diff", "year_to": 2023, "area_m2": 1299.1106811931209, "cause": "desarrollo_inmobiliario" }, "geometry": { "type": "Polygon", "coordinates": [ [ [ -61.26817, -38.98049 ], [ -61.26817, -38.98058 ], [ -61.26805, -38.98058 ], [ -61.26805, -38.98076 ], [ -61.26828, -38.98076 ], [ -61.26828, -38.98085 ], [ -61.2684, -38.98085 ], [ -61.2684, -38.98094 ], [ -61.26851, -38.98094 ], [ -61.26851, -38.98112 ], [ -61.26863, -38.98112 ], [ -61.26863, -38.98085 ], [ -61.26851, -38.98085 ], [ -61.26851, -38.98076 ], [ -61.2684, -38.98076 ], [ -61.2684, -38.98058 ], [ -61.26828, -38.98058 ], [ -61.26828, -38.98049 ], [ -61.26817, -38.98049 ] ] ] } },
{ "type": "Feature", "properties": { "baseline": "ndvi_diff", "year_to": 2023, "area_m2": 799.44897241840204, "cause": "desconocido" }, "geometry": { "type": "MultiPolygon", "coordinates": [ [ [ [ -61.24378, -38.98103 ], [ -61.24378, -38.98094 ], [ -61.24367, -38.98094 ], [ -61.24367, -38.98103 ], [ -61.24378, -38.98103 ] ] ], [ [ [ -61.24332, -38.98103 ], [ -61.24332, -38.98112 ], [ -61.24298, -38.98112 ], [ -61.24298, -38.98121 ], [ -61.24344, -38.98121 ], [ -61.24344, -38.98112 ], [ -61.24367, -38.98112 ], [ -61.24367, -38.98103 ], [ -61.24332, -38.98103 ] ] ] ] } },
{ "type": "Feature", "properties": { "baseline": "ndvi_diff", "year_to": 2023, "area_m2": 8194.3700359360919, "cause": "desconocido" }, "geometry": { "type": "MultiPolygon", "coordinates": [ [ [ [ -61.25153, -38.98094 ], [ -61.25141, -38.98094 ], [ -61.25141, -38.98103 ], [ -61.2513, -38.98103 ], [ -61.2513, -38.9813 ], [ -61.25164, -38.9813 ], [ -61.25164, -38.98139 ], [ -61.25176, -38.98139 ], [ -61.25176, -38.9813 ], [ -61.25187, -38.9813 ], [ -61.25187, -38.98121 ], [ -61.2521, -38.98121 ], [ -61.2521, -38.98112 ], [ -61.25234, -38.98112 ], [ -61.25234, -38.98103 ], [ -61.25303, -38.98103 ], [ -61.25303, -38.98112 ], [ -61.25338, -38.98112 ], [ -61.25338, -38.98103 ], [ -61.25349, -38.98103 ], [ -61.25349, -38.98094 ], [ -61.25361, -38.98094 ], [ -61.25361, -38.98085 ], [ -61.25349, -38.98085 ], [ -61.25349, -38.98076 ], [ -61.25291, -38.98076 ], [ -61.25291, -38.98085 ], [ -61.25257, -38.98085 ], [ -61.25257, -38.98094 ], [ -61.25245, -38.98094 ], [ -61.25245, -38.98085 ], [ -61.25222, -38.98085 ], [ -61.25222, -38.98076 ], [ -61.2521, -38.98076 ], [ -61.2521, -38.98067 ], [ -61.25199, -38.98067 ], [ -61.25199, -38.98058 ], [ -61.25176, -38.98058 ], [ -61.25176, -38.98049 ], [ -61.25164, -38.98049 ], [ -61.25164, -38.98058 ], [ -61.25153, -38.98058 ], [ -61.25153, -38.98067 ], [ -61.25164, -38.98067 ], [ -61.25164, -38.98085 ], [ -61.25153, -38.98085 ], [ -61.25153, -38.98094 ] ] ], [ [ [ -61.25153, -38.98076 ], [ -61.25141, -38.98076 ], [ -61.25141, -38.98067 ], [ -61.2513, -38.98067 ], [ -61.2513, -38.98085 ], [ -61.25153, -38.98085 ], [ -61.25153, -38.98076 ] ] ] ] } },
{ "type": "Feature", "properties": { "baseline": "ndvi_diff", "year_to": 2023, "area_m2": 3897.3171887205021, "cause": "desconocido" }, "geometry": { "type": "Polygon", "coordinates": [ [ [ -61.2454, -38.98076 ], [ -61.2454, -38.98085 ], [ -61.24552, -38.98085 ], [ -61.24552, -38.98094 ], [ -61.24575, -38.98094 ], [ -61.24575, -38.98121 ], [ -61.24563, -38.98121 ], [ -61.24563, -38.9813 ], [ -61.24575, -38.9813 ], [ -61.24575, -38.98139 ], [ -61.2461, -38.98139 ], [ -61.2461, -38.9813 ], [ -61.24586, -38.9813 ], [ -61.24586, -38.98121 ], [ -61.24621, -38.98121 ], [ -61.24621, -38.98112 ], [ -61.24702, -38.98112 ], [ -61.24702, -38.98103 ], [ -61.24725, -38.98103 ], [ -61.24725, -38.98094 ], [ -61.24644, -38.98094 ], [ -61.24644, -38.98103 ], [ -61.24621, -38.98103 ], [ -61.24621, -38.98094 ], [ -61.2461, -38.98094 ], [ -61.2461, -38.98085 ], [ -61.24575, -38.98085 ], [ -61.24575, -38.98076 ], [ -61.2454, -38.98076 ] ] ] } },
{ "type": "Feature", "properties": { "baseline": "ndvi_diff", "year_to": 2023, "area_m2": 799.44585156856704, "cause": "desconocido" }, "geometry": { "type": "Polygon", "coordinates": [ [ [ -61.24263, -38.9813 ], [ -61.24263, -38.98148 ], [ -61.24309, -38.98148 ], [ -61.24309, -38.9813 ], [ -61.24263, -38.9813 ] ] ] } },
{ "type": "Feature", "properties": { "baseline": "ndvi_diff", "year_to": 2023, "area_m2": 3597.474624200453, "cause": "desconocido" }, "geometry": { "type": "MultiPolygon", "coordinates": [ [ [ [ -61.24182, -38.98202 ], [ -61.24182, -38.9822 ], [ -61.2417, -38.9822 ], [ -61.2417, -38.98229 ], [ -61.24159, -38.98229 ], [ -61.24159, -38.98238 ], [ -61.24205, -38.98238 ], [ -61.24205, -38.98229 ], [ -61.24251, -38.98229 ], [ -61.24251, -38.98211 ], [ -61.24263, -38.98211 ], [ -61.24263, -38.98175 ], [ -61.24274, -38.98175 ], [ -61.24274, -38.98166 ], [ -61.24263, -38.98166 ], [ -61.24263, -38.98157 ], [ -61.24251, -38.98157 ], [ -61.24251, -38.98148 ], [ -61.2424, -38.98148 ], [ -61.2424, -38.98166 ], [ -61.24228, -38.98166 ], [ -61.24228, -38.98175 ], [ -61.24251, -38.98175 ], [ -61.24251, -38.98193 ], [ -61.2424, -38.98193 ], [ -61.2424, -38.98202 ], [ -61.24228, -38.98202 ], [ -61.24228, -38.98211 ], [ -61.24194, -38.98211 ], [ -61.24194, -38.98202 ], [ -61.24182, -38.98202 ] ] ], [ [ [ -61.24194, -38.98184 ], [ -61.24194, -38.98202 ], [ -61.24205, -38.98202 ], [ -61.24205, -38.98184 ], [ -61.24194, -38.98184 ] ] ], [ [ [ -61.24205, -38.98175 ], [ -61.24205, -38.98184 ], [ -61.24228, -38.98184 ], [ -61.24228, -38.98175 ], [ -61.24205, -38.98175 ] ] ] ] } },
{ "type": "Feature", "properties": { "baseline": "ndvi_diff", "year_to": 2023, "area_m2": 699.5061944703948, "cause": "desarrollo_inmobiliario" }, "geometry": { "type": "Polygon", "coordinates": [ [ [ -61.27175, -38.98211 ], [ -61.27175, -38.98229 ], [ -61.27163, -38.98229 ], [ -61.27163, -38.98247 ], [ -61.27186, -38.98247 ], [ -61.27186, -38.98229 ], [ -61.27198, -38.98229 ], [ -61.27198, -38.9822 ], [ -61.27186, -38.9822 ], [ -61.27186, -38.98211 ], [ -61.27175, -38.98211 ] ] ] } },
{ "type": "Feature", "properties": { "baseline": "ndvi_diff", "year_to": 2023, "area_m2": 1398.9238762140005, "cause": "desconocido" }, "geometry": { "type": "Polygon", "coordinates": [ [ [ -61.27001, -38.9866 ], [ -61.27001, -38.98705 ], [ -61.27013, -38.98705 ], [ -61.27013, -38.98714 ], [ -61.27036, -38.98714 ], [ -61.27036, -38.98705 ], [ -61.27025, -38.98705 ], [ -61.27025, -38.98687 ], [ -61.27036, -38.98687 ], [ -61.27036, -38.98669 ], [ -61.27025, -38.98669 ], [ -61.27025, -38.9866 ], [ -61.27001, -38.9866 ] ] ] } },
{ "type": "Feature", "properties": { "baseline": "ndvi_diff", "year_to": 2023, "area_m2": 3097.5456244513639, "cause": "desarrollo_inmobiliario" }, "geometry": { "type": "Polygon", "coordinates": [ [ [ -61.232, -38.98804 ], [ -61.232, -38.98813 ], [ -61.23188, -38.98813 ], [ -61.23188, -38.98822 ], [ -61.23177, -38.98822 ], [ -61.23177, -38.98849 ], [ -61.23188, -38.98849 ], [ -61.23188, -38.98903 ], [ -61.232, -38.98903 ], [ -61.232, -38.98876 ], [ -61.23234, -38.98876 ], [ -61.23234, -38.98867 ], [ -61.23258, -38.98867 ], [ -61.23258, -38.98849 ], [ -61.23211, -38.98849 ], [ -61.23211, -38.98804 ], [ -61.232, -38.98804 ] ] ] } },
{ "type": "Feature", "properties": { "baseline": "ndvi_diff", "year_to": 2023, "area_m2": 1398.8414728143671, "cause": "desarrollo_inmobiliario" }, "geometry": { "type": "Polygon", "coordinates": [ [ [ -61.20149, -38.99092 ], [ -61.20149, -38.99101 ], [ -61.20138, -38.99101 ], [ -61.20138, -38.9911 ], [ -61.20149, -38.9911 ], [ -61.20149, -38.99119 ], [ -61.20161, -38.99119 ], [ -61.20161, -38.99128 ], [ -61.20195, -38.99128 ], [ -61.20195, -38.9911 ], [ -61.20184, -38.9911 ], [ -61.20184, -38.99092 ], [ -61.20149, -38.99092 ] ] ] } },
{ "type": "Feature", "properties": { "baseline": "ndvi_diff", "year_to": 2023, "area_m2": 999.16711155544385, "cause": "desarrollo_inmobiliario" }, "geometry": { "type": "Polygon", "coordinates": [ [ [ -61.19444, -38.99128 ], [ -61.19444, -38.99137 ], [ -61.19433, -38.99137 ], [ -61.19433, -38.99164 ], [ -61.19467, -38.99164 ], [ -61.19467, -38.99137 ], [ -61.19456, -38.99137 ], [ -61.19456, -38.99128 ], [ -61.19444, -38.99128 ] ] ] } },
{ "type": "Feature", "properties": { "baseline": "ndvi_diff", "year_to": 2023, "area_m2": 499.56295312169095, "cause": "desarrollo_inmobiliario" }, "geometry": { "type": "Polygon", "coordinates": [ [ [ -61.19837, -38.99433 ], [ -61.19837, -38.99451 ], [ -61.19849, -38.99451 ], [ -61.19849, -38.9946 ], [ -61.1986, -38.9946 ], [ -61.1986, -38.99433 ], [ -61.19837, -38.99433 ] ] ] } },
{ "type": "Feature", "properties": { "baseline": "ndvi_diff", "year_to": 2023, "area_m2": 899.19660786618942, "cause": "desconocido" }, "geometry": { "type": "Polygon", "coordinates": [ [ [ -61.17226, -38.99568 ], [ -61.17226, -38.99586 ], [ -61.17295, -38.99586 ], [ -61.17295, -38.99577 ], [ -61.1726, -38.99577 ], [ -61.1726, -38.99568 ], [ -61.17226, -38.99568 ] ] ] } },
{ "type": "Feature", "properties": { "baseline": "ndvi_diff", "year_to": 2023, "area_m2": 1198.9183210095216, "cause": "desarrollo_inmobiliario" }, "geometry": { "type": "Polygon", "coordinates": [ [ [ -61.19421, -38.99622 ], [ -61.19421, -38.9964 ], [ -61.1941, -38.9964 ], [ -61.1941, -38.99649 ], [ -61.19421, -38.99649 ], [ -61.19421, -38.99658 ], [ -61.19456, -38.99658 ], [ -61.19456, -38.99631 ], [ -61.19444, -38.99631 ], [ -61.19444, -38.99622 ], [ -61.19421, -38.99622 ] ] ] } },
{ "type": "Feature", "properties": { "baseline": "veg_to_built", "year_to": 2023, "area_m2": 699.59818831654707, "cause": "desarrollo_inmobiliario" }, "geometry": { "type": "Polygon", "coordinates": [ [ [ -61.32479, -38.97267 ], [ -61.32479, -38.97276 ], [ -61.32467, -38.97276 ], [ -61.32467, -38.97294 ], [ -61.32479, -38.97294 ], [ -61.32479, -38.97303 ], [ -61.3249, -38.97303 ], [ -61.3249, -38.97285 ], [ -61.32502, -38.97285 ], [ -61.32502, -38.97276 ], [ -61.3249, -38.97276 ], [ -61.3249, -38.97267 ], [ -61.32479, -38.97267 ] ] ] } },
{ "type": "Feature", "properties": { "baseline": "veg_to_built", "year_to": 2023, "area_m2": 1199.1532979139372, "cause": "desarrollo_inmobiliario" }, "geometry": { "type": "Polygon", "coordinates": [ [ [ -61.27175, -38.98211 ], [ -61.27175, -38.9822 ], [ -61.27163, -38.9822 ], [ -61.27163, -38.98247 ], [ -61.27175, -38.98247 ], [ -61.27175, -38.98256 ], [ -61.27186, -38.98256 ], [ -61.27186, -38.98247 ], [ -61.27198, -38.98247 ], [ -61.27198, -38.98211 ], [ -61.27175, -38.98211 ] ] ] } },
{ "type": "Feature", "properties": { "baseline": "veg_to_built", "year_to": 2023, "area_m2": 499.61414513534106, "cause": "desarrollo_inmobiliario" }, "geometry": { "type": "Polygon", "coordinates": [ [ [ -61.27614, -38.98696 ], [ -61.27614, -38.98723 ], [ -61.27625, -38.98723 ], [ -61.27625, -38.98714 ], [ -61.27637, -38.98714 ], [ -61.27637, -38.98696 ], [ -61.27614, -38.98696 ] ] ] } },
{ "type": "Feature", "properties": { "baseline": "veg_to_built", "year_to": 2023, "area_m2": 499.5871767790868, "cause": "desarrollo_inmobiliario" }, "geometry": { "type": "MultiPolygon", "coordinates": [ [ [ [ -61.20184, -38.99074 ], [ -61.20172, -38.99074 ], [ -61.20172, -38.9911 ], [ -61.20184, -38.9911 ], [ -61.20184, -38.99074 ] ] ], [ [ [ -61.20184, -38.99119 ], [ -61.20195, -38.99119 ], [ -61.20195, -38.9911 ], [ -61.20184, -38.9911 ], [ -61.20184, -38.99119 ] ] ] ] } },
{ "type": "Feature", "properties": { "baseline": "veg_to_built", "year_to": 2023, "area_m2": 1298.9175447080397, "cause": "desarrollo_inmobiliario" }, "geometry": { "type": "Polygon", "coordinates": [ [ [ -61.19433, -38.99128 ], [ -61.19433, -38.99137 ], [ -61.19421, -38.99137 ], [ -61.19421, -38.99146 ], [ -61.19433, -38.99146 ], [ -61.19433, -38.99155 ], [ -61.19444, -38.99155 ], [ -61.19444, -38.99164 ], [ -61.19479, -38.99164 ], [ -61.19479, -38.99146 ], [ -61.19467, -38.99146 ], [ -61.19467, -38.99137 ], [ -61.19456, -38.99137 ], [ -61.19456, -38.99128 ], [ -61.19433, -38.99128 ] ] ] } },
{ "type": "Feature", "properties": { "baseline": "veg_to_built", "year_to": 2023, "area_m2": 899.21271620896414, "cause": "desarrollo_inmobiliario" }, "geometry": { "type": "Polygon", "coordinates": [ [ [ -61.1986, -38.99433 ], [ -61.1986, -38.99442 ], [ -61.19849, -38.99442 ], [ -61.19849, -38.99451 ], [ -61.19837, -38.99451 ], [ -61.19837, -38.9946 ], [ -61.19883, -38.9946 ], [ -61.19883, -38.99451 ], [ -61.19895, -38.99451 ], [ -61.19895, -38.99442 ], [ -61.19872, -38.99442 ], [ -61.19872, -38.99433 ], [ -61.1986, -38.99433 ] ] ] } },
{ "type": "Feature", "properties": { "baseline": "veg_to_built", "year_to": 2023, "area_m2": 1099.0081279459198, "cause": "desarrollo_inmobiliario" }, "geometry": { "type": "Polygon", "coordinates": [ [ [ -61.19398, -38.99631 ], [ -61.19398, -38.9964 ], [ -61.1941, -38.9964 ], [ -61.1941, -38.99649 ], [ -61.19421, -38.99649 ], [ -61.19421, -38.99658 ], [ -61.19456, -38.99658 ], [ -61.19456, -38.9964 ], [ -61.19444, -38.9964 ], [ -61.19444, -38.99631 ], [ -61.19398, -38.99631 ] ] ] } },
{ "type": "Feature", "properties": { "baseline": "ndvi_diff", "year_to": 2024, "area_m2": 799.76706740622819, "cause": "desconocido" }, "geometry": { "type": "Polygon", "coordinates": [ [ [ -61.35171, -38.95235 ], [ -61.35171, -38.95244 ], [ -61.35125, -38.95244 ], [ -61.35125, -38.95253 ], [ -61.35194, -38.95253 ], [ -61.35194, -38.95235 ], [ -61.35171, -38.95235 ] ] ] } },
{ "type": "Feature", "properties": { "baseline": "ndvi_diff", "year_to": 2024, "area_m2": 1399.5845709224518, "cause": "desconocido" }, "geometry": { "type": "MultiPolygon", "coordinates": [ [ [ [ -61.3509, -38.95289 ], [ -61.35113, -38.95289 ], [ -61.35113, -38.95262 ], [ -61.35102, -38.95262 ], [ -61.35102, -38.95271 ], [ -61.35067, -38.95271 ], [ -61.35067, -38.95307 ], [ -61.3509, -38.95307 ], [ -61.3509, -38.95289 ] ] ], [ [ [ -61.3509, -38.95316 ], [ -61.35102, -38.95316 ], [ -61.35102, -38.95307 ], [ -61.3509, -38.95307 ], [ -61.3509, -38.95316 ] ] ] ] } },
{ "type": "Feature", "properties": { "baseline": "ndvi_diff", "year_to": 2024, "area_m2": 8397.4411809473622, "cause": "desconocido" }, "geometry": { "type": "MultiPolygon", "coordinates": [ [ [ [ -61.35333, -38.95334 ], [ -61.35333, -38.95325 ], [ -61.35344, -38.95325 ], [ -61.35344, -38.95316 ], [ -61.35333, -38.95316 ], [ -61.35333, -38.95307 ], [ -61.35356, -38.95307 ], [ -61.35356, -38.95316 ], [ -61.35367, -38.95316 ], [ -61.35367, -38.95343 ], [ -61.35379, -38.95343 ], [ -61.35379, -38.95334 ], [ -61.35391, -38.95334 ], [ -61.35391, -38.95325 ], [ -61.35402, -38.95325 ], [ -61.35402, -38.95307 ], [ -61.35391, -38.95307 ], [ -61.35391, -38.95298 ], [ -61.35367, -38.95298 ], [ -61.35367, -38.95253 ], [ -61.35356, -38.95253 ], [ -61.35356, -38.9528 ], [ -61.35344, -38.9528 ], [ -61.35344, -38.95289 ], [ -61.35321, -38.95289 ], [ -61.35321, -38.95334 ], [ -61.35333, -38.95334 ] ] ], [ [ [ -61.35206, -38.95388 ], [ -61.35217, -38.95388 ], [ -61.35217, -38.95379 ], [ -61.35263, -38.95379 ], [ -61.35263, -38.95397 ], [ -61.35275, -38.95397 ], [ -61.35275, -38.95388 ], [ -61.35287, -38.95388 ], [ -61.35287, -38.95379 ], [ -61.35298, -38.95379 ], [ -61.35298, -38.9537 ], [ -61.3531, -38.9537 ], [ -61.3531, -38.95343 ], [ -61.35321, -38.95343 ], [ -61.35321, -38.95334 ], [ -61.35298, -38.95334 ], [ -61.35298, -38.95352 ], [ -61.35287, -38.95352 ], [ -61.35287, -38.95361 ], [ -61.35263, -38.95361 ], [ -61.35263, -38.9537 ], [ -61.35252, -38.9537 ], [ -61.35252, -38.95361 ], [ -61.3524, -38.95361 ], [ -61.3524, -38.95352 ], [ -61.35229, -38.95352 ], [ -61.35229, -38.95361 ], [ -61.35206, -38.95361 ], [ -61.35206, -38.95388 ] ] ], [ [ [ -61.35206, -38.95352 ], [ -61.35217, -38.95352 ], [ -61.35217, -38.95343 ], [ -61.35159, -38.95343 ], [ -61.35159, -38.95352 ], [ -61.35125, -38.95352 ], [ -61.35125, -38.95343 ], [ -61.35102, -38.95343 ], [ -61.35102, -38.95352 ], [ -61.3509, -38.95352 ], [ -61.3509, -38.95361 ], [ -61.35079, -38.95361 ], [ -61.35079, -38.9537 ], [ -61.35102, -38.9537 ], [ -61.35102, -38.95379 ], [ -61.35125, -38.95379 ], [ -61.35125, -38.95388 ], [ -61.35136, -38.95388 ], [ -61.35136, -38.95379 ], [ -61.35148, -38.95379 ], [ -61.35148, -38.95361 ], [ -61.35171, -38.95361 ], [ -61.35171, -38.9537 ], [ -61.35183, -38.9537 ], [ -61.35183, -38.95361 ], [ -61.35206, -38.95361 ], [ -61.35206, -38.95352 ] ] ] ] } },
{ "type": "Feature", "properties": { "baseline": "ndvi_diff", "year_to": 2024, "area_m2": 499.84428084560614, "cause": "desconocido" }, "geometry": { "type": "Polygon", "coordinates": [ [ [ -61.35321, -38.95379 ], [ -61.35321, -38.95388 ], [ -61.3531, -38.95388 ], [ -61.3531, -38.95397 ], [ -61.35321, -38.95397 ], [ -61.35321, -38.95406 ], [ -61.35333, -38.95406 ], [ -61.35333, -38.95397 ], [ -61.35344, -38.95397 ], [ -61.35344, -38.95388 ], [ -61.35333, -38.95388 ], [ -61.35333, -38.95379 ], [ -61.35321, -38.95379 ] ] ] } },
{ "type": "Feature", "properties": { "baseline": "ndvi_diff", "year_to": 2024, "area_m2": 699.7780010122184, "cause": "desconocido" }, "geometry": { "type": "Polygon", "coordinates": [ [ [ -61.35102, -38.95424 ], [ -61.35102, -38.95433 ], [ -61.3509, -38.95433 ], [ -61.3509, -38.95442 ], [ -61.35136, -38.95442 ], [ -61.35136, -38.95424 ], [ -61.35102, -38.95424 ] ] ] } },
{ "type": "Feature", "properties": { "baseline": "ndvi_diff", "year_to": 2024, "area_m2": 499.83829251592067, "cause": "desconocido" }, "geometry": { "type": "Polygon", "coordinates": [ [ [ -61.35136, -38.95469 ], [ -61.35136, -38.95478 ], [ -61.35125, -38.95478 ], [ -61.35125, -38.95487 ], [ -61.35159, -38.95487 ], [ -61.35159, -38.95469 ], [ -61.35136, -38.95469 ] ] ] } },
{ "type": "Feature", "properties": { "baseline": "ndvi_diff", "year_to": 2024, "area_m2": 1799.4172042116065, "cause": "desconocido" }, "geometry": { "type": "Polygon", "coordinates": [ [ [ -61.35032, -38.9546 ], [ -61.35032, -38.95469 ], [ -61.34998, -38.95469 ], [ -61.34998, -38.95478 ], [ -61.34986, -38.95478 ], [ -61.34986, -38.95487 ], [ -61.35055, -38.95487 ], [ -61.35055, -38.95505 ], [ -61.35067, -38.95505 ], [ -61.35067, -38.95496 ], [ -61.3509, -38.95496 ], [ -61.3509, -38.95487 ], [ -61.35079, -38.95487 ], [ -61.35079, -38.95469 ], [ -61.35067, -38.95469 ], [ -61.35067, -38.95478 ], [ -61.35044, -38.95478 ], [ -61.35044, -38.9546 ], [ -61.35032, -38.9546 ] ] ] } },
{ "type": "Feature", "properties": { "baseline": "ndvi_diff", "year_to": 2024, "area_m2": 6897.779589721823, "cause": "desconocido" }, "geometry": { "type": "MultiPolygon", "coordinates": [ [ [ [ -61.35298, -38.95451 ], [ -61.35298, -38.95442 ], [ -61.35287, -38.95442 ], [ -61.35287, -38.95433 ], [ -61.35275, -38.95433 ], [ -61.35275, -38.95415 ], [ -61.35263, -38.95415 ], [ -61.35263, -38.95424 ], [ -61.35217, -38.95424 ], [ -61.35217, -38.95451 ], [ -61.35206, -38.95451 ], [ -61.35206, -38.95478 ], [ -61.35183, -38.95478 ], [ -61.35183, -38.95505 ], [ -61.35194, -38.95505 ], [ -61.35194, -38.95514 ], [ -61.35171, -38.95514 ], [ -61.35171, -38.95523 ], [ -61.35206, -38.95523 ], [ -61.35206, -38.95505 ], [ -61.35229, -38.95505 ], [ -61.35229, -38.95496 ], [ -61.3524, -38.95496 ], [ -61.3524, -38.95514 ], [ -61.35252, -38.95514 ], [ -61.35252, -38.95496 ], [ -61.35263, -38.95496 ], [ -61.35263, -38.95487 ], [ -61.35275, -38.95487 ], [ -61.35275, -38.95478 ], [ -61.35287, -38.95478 ], [ -61.35287, -38.9546 ], [ -61.3531, -38.9546 ], [ -61.3531, -38.95451 ], [ -61.35298, -38.95451 ] ] ], [ [ [ -61.3531, -38.95442 ], [ -61.3531, -38.95451 ], [ -61.35321, -38.95451 ], [ -61.35321, -38.95442 ], [ -61.3531, -38.95442 ] ] ], [ [ [ -61.35333, -38.95442 ], [ -61.35333, -38.95433 ], [ -61.35321, -38.95433 ], [ -61.35321, -38.95442 ], [ -61.35333, -38.95442 ] ] ] ] } },
{ "type": "Feature", "properties": { "baseline": "ndvi_diff", "year_to": 2024, "area_m2": 599.8017840354554, "cause": "desconocido" }, "geometry": { "type": "Polygon", "coordinates": [ [ [ -61.3509, -38.95514 ], [ -61.3509, -38.95523 ], [ -61.35079, -38.95523 ], [ -61.35079, -38.95532 ], [ -61.35067, -38.95532 ], [ -61.35067, -38.95541 ], [ -61.3509, -38.95541 ], [ -61.3509, -38.95532 ], [ -61.35113, -38.95532 ], [ -61.35113, -38.95523 ], [ -61.35102, -38.95523 ], [ -61.35102, -38.95514 ], [ -61.3509, -38.95514 ] ] ] } },
{ "type": "Feature", "properties": { "baseline": "ndvi_diff", "year_to": 2024, "area_m2": 1099.6338384922356, "cause": "desconocido" }, "geometry": { "type": "MultiPolygon", "coordinates": [ [ [ [ -61.35009, -38.95541 ], [ -61.34998, -38.95541 ], [ -61.34998, -38.95532 ], [ -61.34963, -38.95532 ], [ -61.34963, -38.95541 ], [ -61.34986, -38.95541 ], [ -61.34986, -38.9555 ], [ -61.35009, -38.9555 ], [ -61.35009, -38.95541 ] ] ], [ [ [ -61.35009, -38.95559 ], [ -61.35021, -38.95559 ], [ -61.35021, -38.95568 ], [ -61.35032, -38.95568 ], [ -61.35032, -38.95559 ], [ -61.35044, -38.95559 ], [ -61.35044, -38.9555 ], [ -61.35055, -38.9555 ], [ -61.35055, -38.95541 ], [ -61.35032, -38.95541 ], [ -61.35032, -38.9555 ], [ -61.35009, -38.9555 ], [ -61.35009, -38.95559 ] ] ] ] } },
{ "type": "Feature", "properties": { "baseline": "ndvi_diff", "year_to": 2024, "area_m2": 699.76390311201817, "cause": "desconocido" }, "geometry": { "type": "Polygon", "coordinates": [ [ [ -61.34951, -38.95559 ], [ -61.34951, -38.95595 ], [ -61.34975, -38.95595 ], [ -61.34975, -38.95568 ], [ -61.34963, -38.95568 ], [ -61.34963, -38.95559 ], [ -61.34951, -38.95559 ] ] ] } },
{ "type": "Feature", "properties": { "baseline": "ndvi_diff", "year_to": 2024, "area_m2": 1599.4567854683173, "cause": "desconocido" }, "geometry": { "type": "Polygon", "coordinates": [ [ [ -61.35044, -38.95577 ], [ -61.35044, -38.95586 ], [ -61.34998, -38.95586 ], [ -61.34998, -38.95604 ], [ -61.35021, -38.95604 ], [ -61.35021, -38.95613 ], [ -61.35032, -38.95613 ], [ -61.35032, -38.95604 ], [ -61.35079, -38.95604 ], [ -61.35079, -38.95586 ], [ -61.35055, -38.95586 ], [ -61.35055, -38.95577 ], [ -61.35044, -38.95577 ] ] ] } },
{ "type": "Feature", "properties": { "baseline": "ndvi_diff", "year_to": 2024, "area_m2": 2898.9870399907722, "cause": "desconocido" }, "geometry": { "type": "Polygon", "coordinates": [ [ [ -61.34928, -38.95622 ], [ -61.34928, -38.95649 ], [ -61.34917, -38.95649 ], [ -61.34917, -38.95667 ], [ -61.34928, -38.95667 ], [ -61.34928, -38.95676 ], [ -61.3494, -38.95676 ], [ -61.3494, -38.95685 ], [ -61.34905, -38.95685 ], [ -61.34905, -38.95702 ], [ -61.34951, -38.95702 ], [ -61.34951, -38.95693 ], [ -61.34975, -38.95693 ], [ -61.34975, -38.95685 ], [ -61.34963, -38.95685 ], [ -61.34963, -38.95676 ], [ -61.34951, -38.95676 ], [ -61.34951, -38.95649 ], [ -61.34963, -38.95649 ], [ -61.34963, -38.95622 ], [ -61.34928, -38.95622 ] ] ] } },
{ "type": "Feature", "properties": { "baseline": "ndvi_diff", "year_to": 2024, "area_m2": 12295.684614486141, "cause": "desconocido" }, "geometry": { "type": "MultiPolygon", "coordinates": [ [ [ [ -61.3524, -38.95595 ], [ -61.3524, -38.95586 ], [ -61.35252, -38.95586 ], [ -61.35252, -38.95577 ], [ -61.35229, -38.95577 ], [ -61.35229, -38.95568 ], [ -61.35217, -38.95568 ], [ -61.35217, -38.95586 ], [ -61.35229, -38.95586 ], [ -61.35229, -38.95595 ], [ -61.3524, -38.95595 ] ] ], [ [ [ -61.35148, -38.95693 ], [ -61.35159, -38.95693 ], [ -61.35159, -38.95685 ], [ -61.35217, -38.95685 ], [ -61.35217, -38.95676 ], [ -61.35229, -38.95676 ], [ -61.35229, -38.95631 ], [ -61.3524, -38.95631 ], [ -61.3524, -38.95613 ], [ -61.35229, -38.95613 ], [ -61.35229, -38.95595 ], [ -61.35217, -38.95595 ], [ -61.35217, -38.95604 ], [ -61.35183, -38.95604 ], [ -61.35183, -38.95613 ], [ -61.35171, -38.95613 ], [ -61.35171, -38.95622 ], [ -61.35148, -38.95622 ], [ -61.35148, -38.95631 ], [ -61.35102, -38.95631 ], [ -61.35102, -38.9564 ], [ -61.3509, -38.9564 ], [ -61.3509, -38.95658 ], [ -61.35102, -38.95658 ], [ -61.35102, -38.95667 ], [ -61.35113, -38.95667 ], [ -61.35113, -38.95676 ], [ -61.35125, -38.95676 ], [ -61.35125, -38.95685 ], [ -61.35136, -38.95685 ], [ -61.35136, -38.95702 ], [ -61.35148, -38.95702 ], [ -61.35148, -38.95693 ] ], [ [ -61.35217, -38.9564 ], [ -61.35194, -38.9564 ], [ -61.35194, -38.95622 ], [ -61.35217, -38.95622 ], [ -61.35217, -38.9564 ] ], [ [ -61.35148, -38.95676 ], [ -61.35136, -38.95676 ], [ -61.35136, -38.95667 ], [ -61.35148, -38.95667 ], [ -61.35148, -38.95676 ] ] ], [ [ [ -61.35148, -38.95711 ], [ -61.35136, -38.95711 ], [ -61.35136, -38.95738 ], [ -61.35113, -38.95738 ], [ -61.35113, -38.95756 ], [ -61.35102, -38.95756 ], [ -61.35102, -38.95765 ], [ -61.35113, -38.95765 ], [ -61.35113, -38.95774 ], [ -61.35148, -38.95774 ], [ -61.35148, -38.95783 ], [ -61.35159, -38.95783 ], [ -61.35159, -38.95792 ], [ -61.35171, -38.95792 ], [ -61.35171, -38.95756 ], [ -61.35183, -38.95756 ], [ -61.35183, -38.95729 ], [ -61.35194, -38.95729 ], [ -61.35194, -38.9572 ], [ -61.35159, -38.9572 ], [ -61.35159, -38.95702 ], [ -61.35148, -38.95702 ], [ -61.35148, -38.95711 ] ], [ [ -61.35136, -38.95765 ], [ -61.35125, -38.95765 ], [ -61.35125, -38.95756 ], [ -61.35136, -38.95756 ], [ -61.35136, -38.95765 ] ] ] ] } },
{ "type": "Feature", "properties": { "baseline": "ndvi_diff", "year_to": 2024, "area_m2": 799.70581026034813, "cause": "desconocido" }, "geometry": { "type": "MultiPolygon", "coordinates": [ [ [ [ -61.35841, -38.95774 ], [ -61.3583, -38.95774 ], [ -61.3583, -38.95783 ], [ -61.35807, -38.95783 ], [ -61.35807, -38.95792 ], [ -61.3583, -38.95792 ], [ -61.3583, -38.9581 ], [ -61.35841, -38.9581 ], [ -61.35841, -38.95774 ] ] ], [ [ [ -61.35841, -38.95828 ], [ -61.35853, -38.95828 ], [ -61.35853, -38.9581 ], [ -61.35841, -38.9581 ], [ -61.35841, -38.95828 ] ] ] ] } },
{ "type": "Feature", "properties": { "baseline": "ndvi_diff", "year_to": 2024, "area_m2": 6097.7664883098987, "cause": "desconocido" }, "geometry": { "type": "MultiPolygon", "coordinates": [ [ [ [ -61.34975, -38.95783 ], [ -61.34986, -38.95783 ], [ -61.34986, -38.95774 ], [ -61.34998, -38.95774 ], [ -61.34998, -38.95756 ], [ -61.34986, -38.95756 ], [ -61.34986, -38.95747 ], [ -61.34963, -38.95747 ], [ -61.34963, -38.95738 ], [ -61.34951, -38.95738 ], [ -61.34951, -38.95747 ], [ -61.34917, -38.95747 ], [ -61.34917, -38.95756 ], [ -61.34905, -38.95756 ], [ -61.34905, -38.95792 ], [ -61.34894, -38.95792 ], [ -61.34894, -38.95783 ], [ -61.34871, -38.95783 ], [ -61.34871, -38.95792 ], [ -61.34859, -38.95792 ], [ -61.34859, -38.9581 ], [ -61.34871, -38.9581 ], [ -61.34871, -38.95801 ], [ -61.34905, -38.95801 ], [ -61.34905, -38.95819 ], [ -61.34928, -38.95819 ], [ -61.34928, -38.95774 ], [ -61.34963, -38.95774 ], [ -61.34963, -38.95792 ], [ -61.34975, -38.95792 ], [ -61.34975, -38.95783 ] ] ], [ [ [ -61.34998, -38.95828 ], [ -61.34998, -38.95819 ], [ -61.35021, -38.95819 ], [ -61.35021, -38.95792 ], [ -61.34975, -38.95792 ], [ -61.34975, -38.95801 ], [ -61.34963, -38.95801 ], [ -61.34963, -38.95828 ], [ -61.34998, -38.95828 ] ] ], [ [ [ -61.34951, -38.95828 ], [ -61.34951, -38.95837 ], [ -61.34963, -38.95837 ], [ -61.34963, -38.95828 ], [ -61.34951, -38.95828 ] ] ] ] } },
{ "type": "Feature", "properties": { "baseline": "ndvi_diff", "year_to": 2024, "area_m2": 1599.4041344711304, "cause": "desconocido" }, "geometry": { "type": "Polygon", "coordinates": [ [ [ -61.35044, -38.95792 ], [ -61.35044, -38.95819 ], [ -61.35032, -38.95819 ], [ -61.35032, -38.95837 ], [ -61.35044, -38.95837 ], [ -61.35044, -38.95855 ], [ -61.35055, -38.95855 ], [ -61.35055, -38.95864 ], [ -61.35067, -38.95864 ], [ -61.35067, -38.95855 ], [ -61.35079, -38.95855 ], [ -61.35079, -38.95837 ], [ -61.35067, -38.95837 ], [ -61.35067, -38.95828 ], [ -61.35055, -38.95828 ], [ -61.35055, -38.9581 ], [ -61.35067, -38.9581 ], [ -61.35067, -38.95801 ], [ -61.35055, -38.95801 ], [ -61.35055, -38.95792 ], [ -61.35044, -38.95792 ] ] ] } },
{ "type": "Feature", "properties": { "baseline": "ndvi_diff", "year_to": 2024, "area_m2": 899.66281376938741, "cause": "desconocido" }, "geometry": { "type": "Polygon", "coordinates": [ [ [ -61.34917, -38.95828 ], [ -61.34917, -38.95837 ], [ -61.34905, -38.95837 ], [ -61.34905, -38.95864 ], [ -61.34928, -38.95864 ], [ -61.34928, -38.95855 ], [ -61.3494, -38.95855 ], [ -61.3494, -38.95837 ], [ -61.34928, -38.95837 ], [ -61.34928, -38.95828 ], [ -61.34917, -38.95828 ] ] ] } },
{ "type": "Feature", "properties": { "baseline": "ndvi_diff", "year_to": 2024, "area_m2": 3898.4345503686518, "cause": "desconocido" }, "geometry": { "type": "Polygon", "coordinates": [ [ [ -61.29024, -38.96026 ], [ -61.29024, -38.96035 ], [ -61.29012, -38.96035 ], [ -61.29012, -38.96044 ], [ -61.28989, -38.96044 ], [ -61.28989, -38.96053 ], [ -61.29001, -38.96053 ], [ -61.29001, -38.96062 ], [ -61.29035, -38.96062 ], [ -61.29035, -38.96053 ], [ -61.29081, -38.96053 ], [ -61.29081, -38.96044 ], [ -61.29105, -38.96044 ], [ -61.29105, -38.96035 ], [ -61.29128, -38.96035 ], [ -61.29128, -38.96053 ], [ -61.29162, -38.96053 ], [ -61.29162, -38.96044 ], [ -61.29174, -38.96044 ], [ -61.29174, -38.96026 ], [ -61.29024, -38.96026 ] ] ] } },
{ "type": "Feature", "properties": { "baseline": "ndvi_diff", "year_to": 2024, "area_m2": 1099.556233045206, "cause": "desconocido" }, "geometry": { "type": "Polygon", "coordinates": [ [ [ -61.31751, -38.96035 ], [ -61.31751, -38.96044 ], [ -61.31716, -38.96044 ], [ -61.31716, -38.96053 ], [ -61.31704, -38.96053 ], [ -61.31704, -38.96062 ], [ -61.31693, -38.96062 ], [ -61.31693, -38.96071 ], [ -61.31728, -38.96071 ], [ -61.31728, -38.96062 ], [ -61.31739, -38.96062 ], [ -61.31739, -38.96053 ], [ -61.31762, -38.96053 ], [ -61.31762, -38.96035 ], [ -61.31751, -38.96035 ] ] ] } },
{ "type": "Feature", "properties": { "baseline": "ndvi_diff", "year_to": 2024, "area_m2": 2399.0272209569489, "cause": "desconocido" }, "geometry": { "type": "Polygon", "coordinates": [ [ [ -61.28862, -38.96035 ], [ -61.28862, -38.96044 ], [ -61.2885, -38.96044 ], [ -61.2885, -38.96062 ], [ -61.28816, -38.96062 ], [ -61.28816, -38.9608 ], [ -61.2885, -38.9608 ], [ -61.2885, -38.96089 ], [ -61.28885, -38.96089 ], [ -61.28885, -38.9608 ], [ -61.2892, -38.9608 ], [ -61.2892, -38.96071 ], [ -61.28897, -38.96071 ], [ -61.28897, -38.96062 ], [ -61.28873, -38.96062 ], [ -61.28873, -38.96035 ], [ -61.28862, -38.96035 ] ] ] } },
{ "type": "Feature", "properties": { "baseline": "ndvi_diff", "year_to": 2024, "area_m2": 14094.288823091421, "cause": "desconocido" }, "geometry": { "type": "MultiPolygon", "coordinates": [ [ [ [ -61.29405, -38.96089 ], [ -61.29405, -38.96098 ], [ -61.29416, -38.96098 ], [ -61.29416, -38.96089 ], [ -61.2944, -38.96089 ], [ -61.2944, -38.96107 ], [ -61.29497, -38.96107 ], [ -61.29497, -38.96116 ], [ -61.29544, -38.96116 ], [ -61.29544, -38.96107 ], [ -61.29555, -38.96107 ], [ -61.29555, -38.96098 ], [ -61.29567, -38.96098 ], [ -61.29567, -38.96089 ], [ -61.29578, -38.96089 ], [ -61.29578, -38.96053 ], [ -61.29567, -38.96053 ], [ -61.29567, -38.96035 ], [ -61.29578, -38.96035 ], [ -61.29578, -38.96026 ], [ -61.29497, -38.96026 ], [ -61.29497, -38.96017 ], [ -61.29486, -38.96017 ], [ -61.29486, -38.96035 ], [ -61.29463, -38.96035 ], [ -61.29463, -38.96044 ], [ -61.29474, -38.96044 ], [ -61.29474, -38.96053 ], [ -61.2952, -38.96053 ], [ -61.2952, -38.96062 ], [ -61.29509, -38.96062 ], [ -61.29509, -38.9608 ], [ -61.2952, -38.9608 ], [ -61.2952, -38.96107 ], [ -61.29509, -38.96107 ], [ -61.29509, -38.96098 ], [ -61.29497, -38.96098 ], [ -61.29497, -38.96071 ], [ -61.29405, -38.96071 ], [ -61.29405, -38.9608 ], [ -61.29393, -38.9608 ], [ -61.29393, -38.96089 ], [ -61.29405, -38.96089 ] ] ], [ [ [ -61.29312, -38.96089 ], [ -61.29324, -38.96089 ], [ -61.29324, -38.96098 ], [ -61.29393, -38.96098 ], [ -61.29393, -38.96089 ], [ -61.29382, -38.96089 ], [ -61.29382, -38.96071 ], [ -61.29393, -38.96071 ], [ -61.29393, -38.96062 ], [ -61.29405, -38.96062 ], [ -61.29405, -38.96044 ], [ -61.29393, -38.96044 ], [ -61.29393, -38.96035 ], [ -61.2937, -38.96035 ], [ -61.2937, -38.96044 ], [ -61.29347, -38.96044 ], [ -61.29347, -38.96053 ], [ -61.29359, -38.96053 ], [ -61.29359, -38.96062 ], [ -61.29336, -38.96062 ], [ -61.29336, -38.96071 ], [ -61.29324, -38.96071 ], [ -61.29324, -38.9608 ], [ -61.29312, -38.9608 ], [ -61.29312, -38.96089 ] ], [ [ -61.29393, -38.96053 ], [ -61.29382, -38.96053 ], [ -61.29382, -38.96044 ], [ -61.29393, -38.96044 ], [ -61.29393, -38.96053 ] ], [ [ -61.2937, -38.96062 ], [ -61.2937, -38.9608 ], [ -61.29359, -38.9608 ], [ -61.29359, -38.96062 ], [ -61.2937, -38.96062 ] ], [ [ -61.29359, -38.96089 ], [ -61.29347, -38.96089 ], [ -61.29347, -38.9608 ], [ -61.29359, -38.9608 ], [ -61.29359, -38.96089 ] ] ], [ [ [ -61.29278, -38.96062 ], [ -61.29278, -38.96071 ], [ -61.29266, -38.96071 ], [ -61.29266, -38.9608 ], [ -61.29289, -38.9608 ], [ -61.29289, -38.96089 ], [ -61.29301, -38.96089 ], [ -61.29301, -38.9608 ], [ -61.29312, -38.9608 ], [ -61.29312, -38.96071 ], [ -61.29301, -38.96071 ], [ -61.29301, -38.96062 ], [ -61.29278, -38.96062 ] ] ], [ [ [ -61.29336, -38.96044 ], [ -61.29324, -38.96044 ], [ -61.29324, -38.96035 ], [ -61.29301, -38.96035 ], [ -61.29301, -38.96062 ], [ -61.29312, -38.96062 ], [ -61.29312, -38.96053 ], [ -61.29324, -38.96053 ], [ -61.29324, -38.96062 ], [ -61.29336, -38.96062 ], [ -61.29336, -38.96044 ] ] ], [ [ [ -61.29451, -38.96035 ], [ -61.29451, -38.96026 ], [ -61.29463, -38.96026 ], [ -61.29463, -38.96017 ], [ -61.29405, -38.96017 ], [ -61.29405, -38.96026 ], [ -61.29393, -38.96026 ], [ -61.29393, -38.96035 ], [ -61.29451, -38.96035 ] ] ] ] } },
{ "type": "Feature", "properties": { "baseline": "ndvi_diff", "year_to": 2024, "area_m2": 499.79337610386648, "cause": "desconocido" }, "geometry": { "type": "Polygon", "coordinates": [ [ [ -61.35853, -38.96116 ], [ -61.35853, -38.96125 ], [ -61.35841, -38.96125 ], [ -61.35841, -38.96134 ], [ -61.35876, -38.96134 ], [ -61.35876, -38.96116 ], [ -61.35853, -38.96116 ] ] ] } },
{ "type": "Feature", "properties": { "baseline": "ndvi_diff", "year_to": 2024, "area_m2": 1899.1743259594373, "cause": "desconocido" }, "geometry": { "type": "MultiPolygon", "coordinates": [ [ [ [ -61.33449, -38.96269 ], [ -61.33438, -38.96269 ], [ -61.33438, -38.9626 ], [ -61.33415, -38.9626 ], [ -61.33415, -38.96269 ], [ -61.3338, -38.96269 ], [ -61.3338, -38.96296 ], [ -61.33403, -38.96296 ], [ -61.33403, -38.96287 ], [ -61.33415, -38.96287 ], [ -61.33415, -38.96296 ], [ -61.33426, -38.96296 ], [ -61.33426, -38.96287 ], [ -61.33438, -38.96287 ], [ -61.33438, -38.96278 ], [ -61.33449, -38.96278 ], [ -61.33449, -38.96269 ] ] ], [ [ [ -61.33449, -38.96287 ], [ -61.33461, -38.96287 ], [ -61.33461, -38.96296 ], [ -61.33472, -38.96296 ], [ -61.33472, -38.96278 ], [ -61.33449, -38.96278 ], [ -61.33449, -38.96287 ] ] ] ] } },
{ "type": "Feature", "properties": { "baseline": "ndvi_diff", "year_to": 2024, "area_m2": 1699.2547044508015, "cause": "desconocido" }, "geometry": { "type": "MultiPolygon", "coordinates": [ [ [ [ -61.36015, -38.96323 ], [ -61.36026, -38.96323 ], [ -61.36026, -38.96332 ], [ -61.36049, -38.96332 ], [ -61.36049, -38.96314 ], [ -61.36061, -38.96314 ], [ -61.36061, -38.96305 ], [ -61.36072, -38.96305 ], [ -61.36072, -38.96287 ], [ -61.36038, -38.96287 ], [ -61.36038, -38.96296 ], [ -61.36026, -38.96296 ], [ -61.36026, -38.96305 ], [ -61.36015, -38.96305 ], [ -61.36015, -38.96323 ] ] ], [ [ [ -61.36015, -38.96296 ], [ -61.36003, -38.96296 ], [ -61.36003, -38.96305 ], [ -61.36015, -38.96305 ], [ -61.36015, -38.96296 ] ] ] ] } },
{ "type": "Feature", "properties": { "baseline": "ndvi_diff", "year_to": 2024, "area_m2": 3098.6320353145115, "cause": "desconocido" }, "geometry": { "type": "MultiPolygon", "coordinates": [ [ [ [ -61.32606, -38.96305 ], [ -61.32571, -38.96305 ], [ -61.32571, -38.96296 ], [ -61.3256, -38.96296 ], [ -61.3256, -38.96305 ], [ -61.32548, -38.96305 ], [ -61.32548, -38.96323 ], [ -61.3256, -38.96323 ], [ -61.3256, -38.96341 ], [ -61.32571, -38.96341 ], [ -61.32571, -38.96314 ], [ -61.32594, -38.96314 ], [ -61.32594, -38.96323 ], [ -61.32606, -38.96323 ], [ -61.32606, -38.96305 ] ] ], [ [ [ -61.32606, -38.96332 ], [ -61.32617, -38.96332 ], [ -61.32617, -38.96341 ], [ -61.32629, -38.96341 ], [ -61.32629, -38.9635 ], [ -61.32652, -38.9635 ], [ -61.32652, -38.96359 ], [ -61.32675, -38.96359 ], [ -61.32675, -38.96332 ], [ -61.32687, -38.96332 ], [ -61.32687, -38.96323 ], [ -61.32664, -38.96323 ], [ -61.32664, -38.96314 ], [ -61.3264, -38.96314 ], [ -61.3264, -38.96323 ], [ -61.32606, -38.96323 ], [ -61.32606, -38.96332 ] ] ] ] } },
{ "type": "Feature", "properties": { "baseline": "ndvi_diff", "year_to": 2024, "area_m2": 699.68791677021727, "cause": "desconocido" }, "geometry": { "type": "Polygon", "coordinates": [ [ [ -61.33507, -38.9635 ], [ -61.33507, -38.96359 ], [ -61.33519, -38.96359 ], [ -61.33519, -38.96368 ], [ -61.33576, -38.96368 ], [ -61.33576, -38.96359 ], [ -61.3353, -38.96359 ], [ -61.3353, -38.9635 ], [ -61.33507, -38.9635 ] ] ] } },
{ "type": "Feature", "properties": { "baseline": "ndvi_diff", "year_to": 2024, "area_m2": 3798.3140873166412, "cause": "desconocido" }, "geometry": { "type": "MultiPolygon", "coordinates": [ [ [ [ -61.32987, -38.96305 ], [ -61.32987, -38.96296 ], [ -61.32976, -38.96296 ], [ -61.32976, -38.96305 ], [ -61.32987, -38.96305 ] ] ], [ [ [ -61.32964, -38.96305 ], [ -61.32964, -38.96323 ], [ -61.32952, -38.96323 ], [ -61.32952, -38.96332 ], [ -61.32941, -38.96332 ], [ -61.32941, -38.96341 ], [ -61.32929, -38.96341 ], [ -61.32929, -38.96359 ], [ -61.32964, -38.96359 ], [ -61.32964, -38.96368 ], [ -61.32976, -38.96368 ], [ -61.32976, -38.96386 ], [ -61.32987, -38.96386 ], [ -61.32987, -38.96377 ], [ -61.32999, -38.96377 ], [ -61.32999, -38.96368 ], [ -61.33022, -38.96368 ], [ -61.33022, -38.96341 ], [ -61.3301, -38.96341 ], [ -61.3301, -38.96332 ], [ -61.32999, -38.96332 ], [ -61.32999, -38.96323 ], [ -61.32987, -38.96323 ], [ -61.32987, -38.96314 ], [ -61.32976, -38.96314 ], [ -61.32976, -38.96305 ], [ -61.32964, -38.96305 ] ] ] ] } },
{ "type": "Feature", "properties": { "baseline": "ndvi_diff", "year_to": 2024, "area_m2": 799.63755772877141, "cause": "desconocido" }, "geometry": { "type": "Polygon", "coordinates": [ [ [ -61.33449, -38.96395 ], [ -61.33449, -38.96413 ], [ -61.33438, -38.96413 ], [ -61.33438, -38.96422 ], [ -61.33495, -38.96422 ], [ -61.33495, -38.96413 ], [ -61.33472, -38.96413 ], [ -61.33472, -38.96404 ], [ -61.33461, -38.96404 ], [ -61.33461, -38.96395 ], [ -61.33449, -38.96395 ] ] ] } },
{ "type": "Feature", "properties": { "baseline": "ndvi_diff", "year_to": 2024, "area_m2": 9195.8886902893519, "cause": "desconocido" }, "geometry": { "type": "Polygon", "coordinates": [ [ [ -61.35737, -38.96305 ], [ -61.35737, -38.96314 ], [ -61.35749, -38.96314 ], [ -61.35749, -38.96323 ], [ -61.35726, -38.96323 ], [ -61.35726, -38.96314 ], [ -61.35714, -38.96314 ], [ -61.35714, -38.96359 ], [ -61.35726, -38.96359 ], [ -61.35726, -38.96395 ], [ -61.35737, -38.96395 ], [ -61.35737, -38.96422 ], [ -61.35726, -38.96422 ], [ -61.35726, -38.96431 ], [ -61.35772, -38.96431 ], [ -61.35772, -38.96422 ], [ -61.35783, -38.96422 ], [ -61.35783, -38.96413 ], [ -61.35795, -38.96413 ], [ -61.35795, -38.96404 ], [ -61.35841, -38.96404 ], [ -61.35841, -38.96386 ], [ -61.3583, -38.96386 ], [ -61.3583, -38.96377 ], [ -61.35807, -38.96377 ], [ -61.35807, -38.96368 ], [ -61.35795, -38.96368 ], [ -61.35795, -38.96359 ], [ -61.35807, -38.96359 ], [ -61.35807, -38.96341 ], [ -61.35795, -38.96341 ], [ -61.35795, -38.96323 ], [ -61.35783, -38.96323 ], [ -61.35783, -38.96305 ], [ -61.35737, -38.96305 ] ] ] } },
{ "type": "Feature", "properties": { "baseline": "ndvi_diff", "year_to": 2024, "area_m2": 1099.5000820449504, "cause": "desconocido" }, "geometry": { "type": "MultiPolygon", "coordinates": [ [ [ [ -61.33287, -38.96422 ], [ -61.33287, -38.96413 ], [ -61.33299, -38.96413 ], [ -61.33299, -38.96395 ], [ -61.33287, -38.96395 ], [ -61.33287, -38.96404 ], [ -61.33276, -38.96404 ], [ -61.33276, -38.96422 ], [ -61.33287, -38.96422 ] ] ], [ [ [ -61.33241, -38.96422 ], [ -61.33241, -38.96431 ], [ -61.3323, -38.96431 ], [ -61.3323, -38.9644 ], [ -61.33276, -38.9644 ], [ -61.33276, -38.96422 ], [ -61.33241, -38.96422 ] ] ] ] } },
{ "type": "Feature", "properties": { "baseline": "ndvi_diff", "year_to": 2024, "area_m2": 799.63693380104928, "cause": "desconocido" }, "geometry": { "type": "MultiPolygon", "coordinates": [ [ [ [ -61.3145, -38.96422 ], [ -61.3145, -38.96404 ], [ -61.31439, -38.96404 ], [ -61.31439, -38.96395 ], [ -61.31427, -38.96395 ], [ -61.31427, -38.96422 ], [ -61.3145, -38.96422 ] ] ], [ [ [ -61.31416, -38.96422 ], [ -61.31416, -38.9644 ], [ -61.31439, -38.9644 ], [ -61.31439, -38.96431 ], [ -61.31427, -38.96431 ], [ -61.31427, -38.96422 ], [ -61.31416, -38.96422 ] ] ] ] } },
{ "type": "Feature", "properties": { "baseline": "ndvi_diff", "year_to": 2024, "area_m2": 799.63406374406145, "cause": "desconocido" }, "geometry": { "type": "Polygon", "coordinates": [ [ [ -61.31982, -38.96422 ], [ -61.31982, -38.96467 ], [ -61.31993, -38.96467 ], [ -61.31993, -38.96458 ], [ -61.32005, -38.96458 ], [ -61.32005, -38.96431 ], [ -61.31993, -38.96431 ], [ -61.31993, -38.96422 ], [ -61.31982, -38.96422 ] ] ] } },
{ "type": "Feature", "properties": { "baseline": "ndvi_diff", "year_to": 2024, "area_m2": 899.58907042124872, "cause": "desconocido" }, "geometry": { "type": "MultiPolygon", "coordinates": [ [ [ [ -61.31936, -38.96449 ], [ -61.31936, -38.9644 ], [ -61.31959, -38.9644 ], [ -61.31959, -38.96422 ], [ -61.31924, -38.96422 ], [ -61.31924, -38.96449 ], [ -61.31936, -38.96449 ] ] ], [ [ [ -61.31912, -38.96449 ], [ -61.31912, -38.96467 ], [ -61.31924, -38.96467 ], [ -61.31924, -38.96449 ], [ -61.31912, -38.96449 ] ] ] ] } },
{ "type": "Feature", "properties": { "baseline": "ndvi_diff", "year_to": 2024, "area_m2": 499.77016676460789, "cause": "desconocido" }, "geometry": { "type": "Polygon", "coordinates": [ [ [ -61.32421, -38.96449 ], [ -61.32421, -38.96467 ], [ -61.32432, -38.96467 ], [ -61.32432, -38.96476 ], [ -61.32444, -38.96476 ], [ -61.32444, -38.96449 ], [ -61.32421, -38.96449 ] ] ] } },
{ "type": "Feature", "properties": { "baseline": "ndvi_diff", "year_to": 2024, "area_m2": 1599.2637599577822, "cause": "desconocido" }, "geometry": { "type": "Polygon", "coordinates": [ [ [ -61.33311, -38.96449 ], [ -61.33311, -38.96476 ], [ -61.33322, -38.96476 ], [ -61.33322, -38.96485 ], [ -61.33345, -38.96485 ], [ -61.33345, -38.96476 ], [ -61.33357, -38.96476 ], [ -61.33357, -38.96467 ], [ -61.33368, -38.96467 ], [ -61.33368, -38.96449 ], [ -61.33311, -38.96449 ] ] ] } },
{ "type": "Feature", "properties": { "baseline": "ndvi_diff", "year_to": 2024, "area_m2": 599.72305205153032, "cause": "desconocido" }, "geometry": { "type": "Polygon", "coordinates": [ [ [ -61.3145, -38.96458 ], [ -61.3145, -38.96485 ], [ -61.31485, -38.96485 ], [ -61.31485, -38.96476 ], [ -61.31473, -38.96476 ], [ -61.31473, -38.96467 ], [ -61.31462, -38.96467 ], [ -61.31462, -38.96458 ], [ -61.3145, -38.96458 ] ] ] } },
{ "type": "Feature", "properties": { "baseline": "ndvi_diff", "year_to": 2024, "area_m2": 499.76866927723006, "cause": "desconocido" }, "geometry": { "type": "Polygon", "coordinates": [ [ [ -61.33276, -38.96467 ], [ -61.33276, -38.96476 ], [ -61.33264, -38.96476 ], [ -61.33264, -38.96485 ], [ -61.33253, -38.96485 ], [ -61.33253, -38.96494 ], [ -61.33276, -38.96494 ], [ -61.33276, -38.96485 ], [ -61.33287, -38.96485 ], [ -61.33287, -38.96467 ], [ -61.33276, -38.96467 ] ] ] } },
{ "type": "Feature", "properties": { "baseline": "ndvi_diff", "year_to": 2024, "area_m2": 699.67481432787804, "cause": "desconocido" }, "geometry": { "type": "Polygon", "coordinates": [ [ [ -61.33588, -38.96485 ], [ -61.33588, -38.96494 ], [ -61.33599, -38.96494 ], [ -61.33599, -38.96503 ], [ -61.33623, -38.96503 ], [ -61.33623, -38.96512 ], [ -61.33634, -38.96512 ], [ -61.33634, -38.96494 ], [ -61.33623, -38.96494 ], [ -61.33623, -38.96485 ], [ -61.33588, -38.96485 ] ] ] } },
{ "type": "Feature", "properties": { "baseline": "ndvi_diff", "year_to": 2024, "area_m2": 1299.3954954111623, "cause": "desconocido" }, "geometry": { "type": "MultiPolygon", "coordinates": [ [ [ [ -61.33403, -38.96512 ], [ -61.33403, -38.96503 ], [ -61.33415, -38.96503 ], [ -61.33415, -38.96476 ], [ -61.33391, -38.96476 ], [ -61.33391, -38.96485 ], [ -61.3338, -38.96485 ], [ -61.3338, -38.96503 ], [ -61.33368, -38.96503 ], [ -61.33368, -38.96512 ], [ -61.33403, -38.96512 ] ] ], [ [ [ -61.33357, -38.96512 ], [ -61.33357, -38.9653 ], [ -61.33368, -38.9653 ], [ -61.33368, -38.96512 ], [ -61.33357, -38.96512 ] ] ] ] } },
{ "type": "Feature", "properties": { "baseline": "ndvi_diff", "year_to": 2024, "area_m2": 499.76592406735892, "cause": "desconocido" }, "geometry": { "type": "Polygon", "coordinates": [ [ [ -61.32305, -38.96512 ], [ -61.32305, -38.96521 ], [ -61.32294, -38.96521 ], [ -61.32294, -38.96512 ], [ -61.32282, -38.96512 ], [ -61.32282, -38.9653 ], [ -61.32317, -38.9653 ], [ -61.32317, -38.96512 ], [ -61.32305, -38.96512 ] ] ] } },
{ "type": "Feature", "properties": { "baseline": "ndvi_diff", "year_to": 2024, "area_m2": 699.67107064872084, "cause": "desconocido" }, "geometry": { "type": "Polygon", "coordinates": [ [ [ -61.33669, -38.96512 ], [ -61.33669, -38.96548 ], [ -61.33703, -38.96548 ], [ -61.33703, -38.96539 ], [ -61.33692, -38.96539 ], [ -61.33692, -38.9653 ], [ -61.3368, -38.9653 ], [ -61.3368, -38.96512 ], [ -61.33669, -38.96512 ] ] ] } },
{ "type": "Feature", "properties": { "baseline": "ndvi_diff", "year_to": 2024, "area_m2": 2398.878232198238, "cause": "desconocido" }, "geometry": { "type": "Polygon", "coordinates": [ [ [ -61.35957, -38.96485 ], [ -61.35957, -38.96512 ], [ -61.35968, -38.96512 ], [ -61.35968, -38.96521 ], [ -61.3598, -38.96521 ], [ -61.3598, -38.9653 ], [ -61.35991, -38.9653 ], [ -61.35991, -38.96539 ], [ -61.36003, -38.96539 ], [ -61.36003, -38.96548 ], [ -61.36015, -38.96548 ], [ -61.36015, -38.96539 ], [ -61.36038, -38.96539 ], [ -61.36038, -38.9653 ], [ -61.36015, -38.9653 ], [ -61.36015, -38.96521 ], [ -61.36026, -38.96521 ], [ -61.36026, -38.96512 ], [ -61.36038, -38.96512 ], [ -61.36038, -38.96521 ], [ -61.36049, -38.96521 ], [ -61.36049, -38.96494 ], [ -61.36038, -38.96494 ], [ -61.36038, -38.96503 ], [ -61.36015, -38.96503 ], [ -61.36015, -38.96512 ], [ -61.36003, -38.96512 ], [ -61.36003, -38.96503 ], [ -61.35968, -38.96503 ], [ -61.35968, -38.96485 ], [ -61.35957, -38.96485 ] ] ] } },
{ "type": "Feature", "properties": { "baseline": "ndvi_diff", "year_to": 2024, "area_m2": 1699.1964297133968, "cause": "desconocido" }, "geometry": { "type": "Polygon", "coordinates": [ [ [ -61.33738, -38.96521 ], [ -61.33738, -38.96539 ], [ -61.33727, -38.96539 ], [ -61.33727, -38.96566 ], [ -61.33715, -38.96566 ], [ -61.33715, -38.96575 ], [ -61.33738, -38.96575 ], [ -61.33738, -38.96566 ], [ -61.3375, -38.96566 ], [ -61.3375, -38.96575 ], [ -61.33773, -38.96575 ], [ -61.33773, -38.96548 ], [ -61.33761, -38.96548 ], [ -61.33761, -38.96539 ], [ -61.3375, -38.96539 ], [ -61.3375, -38.96521 ], [ -61.33738, -38.96521 ] ] ] } },
{ "type": "Feature", "properties": { "baseline": "ndvi_diff", "year_to": 2024, "area_m2": 2698.7242844957036, "cause": "desconocido" }, "geometry": { "type": "MultiPolygon", "coordinates": [ [ [ [ -61.33484, -38.96593 ], [ -61.33484, -38.96584 ], [ -61.33495, -38.96584 ], [ -61.33495, -38.96575 ], [ -61.33507, -38.96575 ], [ -61.33507, -38.96548 ], [ -61.33495, -38.96548 ], [ -61.33495, -38.9653 ], [ -61.33507, -38.9653 ], [ -61.33507, -38.96512 ], [ -61.33495, -38.96512 ], [ -61.33495, -38.96521 ], [ -61.33484, -38.96521 ], [ -61.33484, -38.9653 ], [ -61.33449, -38.9653 ], [ -61.33449, -38.96539 ], [ -61.33438, -38.96539 ], [ -61.33438, -38.96557 ], [ -61.33484, -38.96557 ], [ -61.33484, -38.96575 ], [ -61.33472, -38.96575 ], [ -61.33472, -38.96584 ], [ -61.33461, -38.96584 ], [ -61.33461, -38.96593 ], [ -61.33484, -38.96593 ] ] ], [ [ [ -61.33449, -38.96593 ], [ -61.33449, -38.96602 ], [ -61.33461, -38.96602 ], [ -61.33461, -38.96593 ], [ -61.33449, -38.96593 ] ] ] ] } },
{ "type": "Feature", "properties": { "baseline": "ndvi_diff", "year_to": 2024, "area_m2": 699.66533050134694, "cause": "desconocido" }, "geometry": { "type": "MultiPolygon", "coordinates": [ [ [ [ -61.34593, -38.96584 ], [ -61.34559, -38.96584 ], [ -61.34559, -38.96593 ], [ -61.34547, -38.96593 ], [ -61.34547, -38.96602 ], [ -61.34582, -38.96602 ], [ -61.34582, -38.96593 ], [ -61.34593, -38.96593 ], [ -61.34593, -38.96584 ] ] ], [ [ [ -61.34593, -38.96602 ], [ -61.34605, -38.96602 ], [ -61.34605, -38.96593 ], [ -61.34593, -38.96593 ], [ -61.34593, -38.96602 ] ] ] ] } },
{ "type": "Feature", "properties": { "baseline": "ndvi_diff", "year_to": 2024, "area_m2": 1799.1420773116158, "cause": "desconocido" }, "geometry": { "type": "Polygon", "coordinates": [ [ [ -61.34847, -38.96557 ], [ -61.34847, -38.96584 ], [ -61.34836, -38.96584 ], [ -61.34836, -38.96611 ], [ -61.34847, -38.96611 ], [ -61.34847, -38.96602 ], [ -61.34871, -38.96602 ], [ -61.34871, -38.96593 ], [ -61.34894, -38.96593 ], [ -61.34894, -38.96575 ], [ -61.34882, -38.96575 ], [ -61.34882, -38.96566 ], [ -61.34871, -38.96566 ], [ -61.34871, -38.96557 ], [ -61.34847, -38.96557 ] ] ] } },
{ "type": "Feature", "properties": { "baseline": "ndvi_diff", "year_to": 2024, "area_m2": 999.52236408360557, "cause": "desconocido" }, "geometry": { "type": "Polygon", "coordinates": [ [ [ -61.31855, -38.96575 ], [ -61.31855, -38.96584 ], [ -61.31866, -38.96584 ], [ -61.31866, -38.96602 ], [ -61.31889, -38.96602 ], [ -61.31889, -38.96611 ], [ -61.31901, -38.96611 ], [ -61.31901, -38.96584 ], [ -61.31889, -38.96584 ], [ -61.31889, -38.96575 ], [ -61.31855, -38.96575 ] ] ] } },
{ "type": "Feature", "properties": { "baseline": "ndvi_diff", "year_to": 2024, "area_m2": 699.66270980182696, "cause": "desconocido" }, "geometry": { "type": "Polygon", "coordinates": [ [ [ -61.3316, -38.96602 ], [ -61.3316, -38.96611 ], [ -61.33149, -38.96611 ], [ -61.33149, -38.9662 ], [ -61.33137, -38.9662 ], [ -61.33137, -38.96637 ], [ -61.33149, -38.96637 ], [ -61.33149, -38.96628 ], [ -61.33172, -38.96628 ], [ -61.33172, -38.96602 ], [ -61.3316, -38.96602 ] ] ] } },
{ "type": "Feature", "properties": { "baseline": "ndvi_diff", "year_to": 2024, "area_m2": 499.75656482000761, "cause": "desconocido" }, "geometry": { "type": "Polygon", "coordinates": [ [ [ -61.34778, -38.96646 ], [ -61.34778, -38.96655 ], [ -61.34767, -38.96655 ], [ -61.34767, -38.96664 ], [ -61.34801, -38.96664 ], [ -61.34801, -38.96646 ], [ -61.34778, -38.96646 ] ] ] } },
{ "type": "Feature", "properties": { "baseline": "ndvi_diff", "year_to": 2024, "area_m2": 8895.7191902568738, "cause": "desconocido" }, "geometry": { "type": "MultiPolygon", "coordinates": [ [ [ [ -61.33623, -38.9653 ], [ -61.33623, -38.96521 ], [ -61.33611, -38.96521 ], [ -61.33611, -38.9653 ], [ -61.33623, -38.9653 ] ] ], [ [ [ -61.33576, -38.9662 ], [ -61.33576, -38.96602 ], [ -61.33588, -38.96602 ], [ -61.33588, -38.96593 ], [ -61.33599, -38.96593 ], [ -61.33599, -38.96611 ], [ -61.33611, -38.96611 ], [ -61.33611, -38.96602 ], [ -61.33623, -38.96602 ], [ -61.33623, -38.96593 ], [ -61.33611, -38.96593 ], [ -61.33611, -38.96584 ], [ -61.33588, -38.96584 ], [ -61.33588, -38.96575 ], [ -61.33611, -38.96575 ], [ -61.33611, -38.96566 ], [ -61.33646, -38.96566 ], [ -61.33646, -38.96557 ], [ -61.33634, -38.96557 ], [ -61.33634, -38.96548 ], [ -61.33623, -38.96548 ], [ -61.33623, -38.96539 ], [ -61.33611, -38.96539 ], [ -61.33611, -38.9653 ], [ -61.33599, -38.9653 ], [ -61.33599, -38.96521 ], [ -61.33576, -38.96521 ], [ -61.33576, -38.9653 ], [ -61.33588, -38.9653 ], [ -61.33588, -38.96548 ], [ -61.33576, -38.96548 ], [ -61.33576, -38.96575 ], [ -61.33565, -38.96575 ], [ -61.33565, -38.96584 ], [ -61.33553, -38.96584 ], [ -61.33553, -38.96593 ], [ -61.33542, -38.96593 ], [ -61.33542, -38.96611 ], [ -61.33565, -38.96611 ], [ -61.33565, -38.9662 ], [ -61.33576, -38.9662 ] ] ], [ [ [ -61.33553, -38.9662 ], [ -61.33553, -38.96637 ], [ -61.33542, -38.96637 ], [ -61.33542, -38.96628 ], [ -61.3353, -38.96628 ], [ -61.3353, -38.9662 ], [ -61.33507, -38.9662 ], [ -61.33507, -38.96637 ], [ -61.33472, -38.96637 ], [ -61.33472, -38.96664 ], [ -61.3353, -38.96664 ], [ -61.3353, -38.96673 ], [ -61.33611, -38.96673 ], [ -61.33611, -38.96655 ], [ -61.33623, -38.96655 ], [ -61.33623, -38.96646 ], [ -61.33634, -38.96646 ], [ -61.33634, -38.96637 ], [ -61.33646, -38.96637 ], [ -61.33646, -38.96628 ], [ -61.33623, -38.96628 ], [ -61.33623, -38.96637 ], [ -61.33611, -38.96637 ], [ -61.33611, -38.96628 ], [ -61.33599, -38.96628 ], [ -61.33599, -38.96655 ], [ -61.33588, -38.96655 ], [ -61.33588, -38.96664 ], [ -61.33576, -38.96664 ], [ -61.33576, -38.96655 ], [ -61.33565, -38.96655 ], [ -61.33565, -38.9662 ], [ -61.33553, -38.9662 ] ] ] ] } },
{ "type": "Feature", "properties": { "baseline": "ndvi_diff", "year_to": 2024, "area_m2": 899.55949545140516, "cause": "desconocido" }, "geometry": { "type": "Polygon", "coordinates": [ [ [ -61.32976, -38.96655 ], [ -61.32976, -38.96664 ], [ -61.32964, -38.96664 ], [ -61.32964, -38.96691 ], [ -61.32987, -38.96691 ], [ -61.32987, -38.96682 ], [ -61.32999, -38.96682 ], [ -61.32999, -38.96664 ], [ -61.32987, -38.96664 ], [ -61.32987, -38.96655 ], [ -61.32976, -38.96655 ] ] ] } },
{ "type": "Feature", "properties": { "baseline": "ndvi_diff", "year_to": 2024, "area_m2": 3098.4756767219856, "cause": "desconocido" }, "geometry": { "type": "Polygon", "coordinates": [ [ [ -61.3271, -38.96664 ], [ -61.3271, -38.96673 ], [ -61.32675, -38.96673 ], [ -61.32675, -38.96664 ], [ -61.32652, -38.96664 ], [ -61.32652, -38.96673 ], [ -61.32617, -38.96673 ], [ -61.32617, -38.96682 ], [ -61.32583, -38.96682 ], [ -61.32583, -38.967 ], [ -61.32617, -38.967 ], [ -61.32617, -38.96709 ], [ -61.32606, -38.96709 ], [ -61.32606, -38.96718 ], [ -61.32583, -38.96718 ], [ -61.32583, -38.96727 ], [ -61.32629, -38.96727 ], [ -61.32629, -38.96709 ], [ -61.3264, -38.96709 ], [ -61.3264, -38.96682 ], [ -61.32733, -38.96682 ], [ -61.32733, -38.96673 ], [ -61.32721, -38.96673 ], [ -61.32721, -38.96664 ], [ -61.3271, -38.96664 ] ] ] } },
{ "type": "Feature", "properties": { "baseline": "ndvi_diff", "year_to": 2024, "area_m2": 1799.1066364543015, "cause": "desconocido" }, "geometry": { "type": "Polygon", "coordinates": [ [ [ -61.33357, -38.967 ], [ -61.33357, -38.96709 ], [ -61.33345, -38.96709 ], [ -61.33345, -38.96736 ], [ -61.33357, -38.96736 ], [ -61.33357, -38.96745 ], [ -61.33391, -38.96745 ], [ -61.33391, -38.96736 ], [ -61.33403, -38.96736 ], [ -61.33403, -38.96727 ], [ -61.33391, -38.96727 ], [ -61.33391, -38.96709 ], [ -61.3338, -38.96709 ], [ -61.3338, -38.967 ], [ -61.33357, -38.967 ] ] ] } },
{ "type": "Feature", "properties": { "baseline": "ndvi_diff", "year_to": 2024, "area_m2": 499.75144828660507, "cause": "desconocido" }, "geometry": { "type": "Polygon", "coordinates": [ [ [ -61.32167, -38.96718 ], [ -61.32167, -38.96727 ], [ -61.32155, -38.96727 ], [ -61.32155, -38.96736 ], [ -61.32167, -38.96736 ], [ -61.32167, -38.96745 ], [ -61.32178, -38.96745 ], [ -61.32178, -38.96727 ], [ -61.3219, -38.96727 ], [ -61.3219, -38.96718 ], [ -61.32167, -38.96718 ] ] ] } },
{ "type": "Feature", "properties": { "baseline": "ndvi_diff", "year_to": 2024, "area_m2": 3398.3075022331695, "cause": "desconocido" }, "geometry": { "type": "Polygon", "coordinates": [ [ [ -61.33287, -38.96691 ], [ -61.33287, -38.967 ], [ -61.33276, -38.967 ], [ -61.33276, -38.96709 ], [ -61.33264, -38.96709 ], [ -61.33264, -38.96727 ], [ -61.33299, -38.96727 ], [ -61.33299, -38.96763 ], [ -61.33287, -38.96763 ], [ -61.33287, -38.96772 ], [ -61.33345, -38.96772 ], [ -61.33345, -38.96745 ], [ -61.33334, -38.96745 ], [ -61.33334, -38.96727 ], [ -61.33322, -38.96727 ], [ -61.33322, -38.967 ], [ -61.33299, -38.967 ], [ -61.33299, -38.96691 ], [ -61.33287, -38.96691 ] ] ] } },
{ "type": "Feature", "properties": { "baseline": "ndvi_diff", "year_to": 2024, "area_m2": 599.69921711730137, "cause": "desconocido" }, "geometry": { "type": "Polygon", "coordinates": [ [ [ -61.35564, -38.96745 ], [ -61.35564, -38.96754 ], [ -61.35575, -38.96754 ], [ -61.35575, -38.96772 ], [ -61.3561, -38.96772 ], [ -61.3561, -38.96763 ], [ -61.35587, -38.96763 ], [ -61.35587, -38.96745 ], [ -61.35564, -38.96745 ] ] ] } },
{ "type": "Feature", "properties": { "baseline": "ndvi_diff", "year_to": 2024, "area_m2": 499.74895241343472, "cause": "desconocido" }, "geometry": { "type": "MultiPolygon", "coordinates": [ [ [ [ -61.32721, -38.96754 ], [ -61.32698, -38.96754 ], [ -61.32698, -38.96772 ], [ -61.32721, -38.96772 ], [ -61.32721, -38.96754 ] ] ], [ [ [ -61.32721, -38.96781 ], [ -61.32733, -38.96781 ], [ -61.32733, -38.96772 ], [ -61.32721, -38.96772 ], [ -61.32721, -38.96781 ] ] ] ] } },
{ "type": "Feature", "properties": { "baseline": "ndvi_diff", "year_to": 2024, "area_m2": 699.64860826130189, "cause": "desconocido" }, "geometry": { "type": "Polygon", "coordinates": [ [ [ -61.32271, -38.96754 ], [ -61.32271, -38.96763 ], [ -61.32282, -38.96763 ], [ -61.32282, -38.96772 ], [ -61.32294, -38.96772 ], [ -61.32294, -38.96781 ], [ -61.32305, -38.96781 ], [ -61.32305, -38.96772 ], [ -61.32317, -38.96772 ], [ -61.32317, -38.96763 ], [ -61.32305, -38.96763 ], [ -61.32305, -38.96754 ], [ -61.32271, -38.96754 ] ] ] } },
{ "type": "Feature", "properties": { "baseline": "ndvi_diff", "year_to": 2024, "area_m2": 599.69859314783287, "cause": "desconocido" }, "geometry": { "type": "MultiPolygon", "coordinates": [ [ [ [ -61.29024, -38.96754 ], [ -61.29001, -38.96754 ], [ -61.29001, -38.96763 ], [ -61.29024, -38.96763 ], [ -61.29024, -38.96754 ] ] ], [ [ [ -61.29024, -38.96781 ], [ -61.29047, -38.96781 ], [ -61.29047, -38.96763 ], [ -61.29024, -38.96763 ], [ -61.29024, -38.96781 ] ] ] ] } },
{ "type": "Feature", "properties": { "baseline": "ndvi_diff", "year_to": 2024, "area_m2": 599.69547322844085, "cause": "desconocido" }, "geometry": { "type": "Polygon", "coordinates": [ [ [ -61.33334, -38.9679 ], [ -61.33334, -38.96799 ], [ -61.33322, -38.96799 ], [ -61.33322, -38.96817 ], [ -61.33345, -38.96817 ], [ -61.33345, -38.96808 ], [ -61.33357, -38.96808 ], [ -61.33357, -38.96799 ], [ -61.33345, -38.96799 ], [ -61.33345, -38.9679 ], [ -61.33334, -38.9679 ] ] ] } },
{ "type": "Feature", "properties": { "baseline": "ndvi_diff", "year_to": 2024, "area_m2": 2698.6354326357009, "cause": "desconocido" }, "geometry": { "type": "Polygon", "coordinates": [ [ [ -61.33472, -38.96754 ], [ -61.33472, -38.96781 ], [ -61.33484, -38.96781 ], [ -61.33484, -38.9679 ], [ -61.33495, -38.9679 ], [ -61.33495, -38.96808 ], [ -61.33484, -38.96808 ], [ -61.33484, -38.96826 ], [ -61.33519, -38.96826 ], [ -61.33519, -38.96817 ], [ -61.3353, -38.96817 ], [ -61.3353, -38.9679 ], [ -61.33519, -38.9679 ], [ -61.33519, -38.96763 ], [ -61.33507, -38.96763 ], [ -61.33507, -38.96754 ], [ -61.33472, -38.96754 ] ] ] } },
{ "type": "Feature", "properties": { "baseline": "ndvi_diff", "year_to": 2024, "area_m2": 1299.3410864382336, "cause": "desconocido" }, "geometry": { "type": "Polygon", "coordinates": [ [ [ -61.32652, -38.96781 ], [ -61.32652, -38.9679 ], [ -61.32687, -38.9679 ], [ -61.32687, -38.96826 ], [ -61.32698, -38.96826 ], [ -61.32698, -38.96817 ], [ -61.32721, -38.96817 ], [ -61.32721, -38.96799 ], [ -61.3271, -38.96799 ], [ -61.3271, -38.9679 ], [ -61.32698, -38.9679 ], [ -61.32698, -38.96781 ], [ -61.32652, -38.96781 ] ] ] } },
{ "type": "Feature", "properties": { "baseline": "ndvi_diff", "year_to": 2024, "area_m2": 1399.2873576316917, "cause": "desconocido" }, "geometry": { "type": "Polygon", "coordinates": [ [ [ -61.32536, -38.96799 ], [ -61.32536, -38.96808 ], [ -61.32479, -38.96808 ], [ -61.32479, -38.96826 ], [ -61.32548, -38.96826 ], [ -61.32548, -38.96817 ], [ -61.3256, -38.96817 ], [ -61.3256, -38.96808 ], [ -61.32548, -38.96808 ], [ -61.32548, -38.96799 ], [ -61.32536, -38.96799 ] ] ] } },
{ "type": "Feature", "properties": { "baseline": "ndvi_diff", "year_to": 2024, "area_m2": 599.69459969586774, "cause": "desconocido" }, "geometry": { "type": "Polygon", "coordinates": [ [ [ -61.32398, -38.96799 ], [ -61.32398, -38.96808 ], [ -61.32386, -38.96808 ], [ -61.32386, -38.96826 ], [ -61.32421, -38.96826 ], [ -61.32421, -38.96817 ], [ -61.32409, -38.96817 ], [ -61.32409, -38.96799 ], [ -61.32398, -38.96799 ] ] ] } },
{ "type": "Feature", "properties": { "baseline": "ndvi_diff", "year_to": 2024, "area_m2": 1599.1872631737915, "cause": "desconocido" }, "geometry": { "type": "Polygon", "coordinates": [ [ [ -61.33045, -38.96781 ], [ -61.33045, -38.9679 ], [ -61.33033, -38.9679 ], [ -61.33033, -38.96799 ], [ -61.33045, -38.96799 ], [ -61.33045, -38.96817 ], [ -61.33033, -38.96817 ], [ -61.33033, -38.96826 ], [ -61.33045, -38.96826 ], [ -61.33045, -38.96835 ], [ -61.33068, -38.96835 ], [ -61.33068, -38.96826 ], [ -61.33079, -38.96826 ], [ -61.33079, -38.96817 ], [ -61.33068, -38.96817 ], [ -61.33068, -38.96799 ], [ -61.33079, -38.96799 ], [ -61.33079, -38.9679 ], [ -61.33068, -38.9679 ], [ -61.33068, -38.96781 ], [ -61.33045, -38.96781 ] ] ] } },
{ "type": "Feature", "properties": { "baseline": "ndvi_diff", "year_to": 2024, "area_m2": 499.74483417665414, "cause": "desconocido" }, "geometry": { "type": "Polygon", "coordinates": [ [ [ -61.33426, -38.96817 ], [ -61.33426, -38.96826 ], [ -61.33438, -38.96826 ], [ -61.33438, -38.96835 ], [ -61.33461, -38.96835 ], [ -61.33461, -38.96817 ], [ -61.33426, -38.96817 ] ] ] } },
{ "type": "Feature", "properties": { "baseline": "ndvi_diff", "year_to": 2024, "area_m2": 1399.279994649381, "cause": "desconocido" }, "geometry": { "type": "MultiPolygon", "coordinates": [ [ [ [ -61.33807, -38.96862 ], [ -61.33807, -38.96853 ], [ -61.33819, -38.96853 ], [ -61.33819, -38.96835 ], [ -61.33807, -38.96835 ], [ -61.33807, -38.96844 ], [ -61.33796, -38.96844 ], [ -61.33796, -38.96862 ], [ -61.33807, -38.96862 ] ] ], [ [ [ -61.33773, -38.96862 ], [ -61.33773, -38.96835 ], [ -61.3375, -38.96835 ], [ -61.3375, -38.96871 ], [ -61.33796, -38.96871 ], [ -61.33796, -38.96862 ], [ -61.33773, -38.96862 ] ] ] ] } },
{ "type": "Feature", "properties": { "baseline": "ndvi_diff", "year_to": 2024, "area_m2": 2298.8174014795986, "cause": "desconocido" }, "geometry": { "type": "Polygon", "coordinates": [ [ [ -61.3078, -38.96826 ], [ -61.3078, -38.96835 ], [ -61.30768, -38.96835 ], [ -61.30768, -38.96826 ], [ -61.30757, -38.96826 ], [ -61.30757, -38.96844 ], [ -61.30768, -38.96844 ], [ -61.30768, -38.96871 ], [ -61.3078, -38.96871 ], [ -61.3078, -38.9688 ], [ -61.30803, -38.9688 ], [ -61.30803, -38.96871 ], [ -61.30815, -38.96871 ], [ -61.30815, -38.96862 ], [ -61.30826, -38.96862 ], [ -61.30826, -38.96853 ], [ -61.30838, -38.96853 ], [ -61.30838, -38.96844 ], [ -61.30803, -38.96844 ], [ -61.30803, -38.96835 ], [ -61.30792, -38.96835 ], [ -61.30792, -38.96826 ], [ -61.3078, -38.96826 ] ] ] } },
{ "type": "Feature", "properties": { "baseline": "ndvi_diff", "year_to": 2024, "area_m2": 699.63837495588882, "cause": "desconocido" }, "geometry": { "type": "Polygon", "coordinates": [ [ [ -61.33865, -38.96844 ], [ -61.33865, -38.96889 ], [ -61.33888, -38.96889 ], [ -61.33888, -38.96871 ], [ -61.33877, -38.96871 ], [ -61.33877, -38.96844 ], [ -61.33865, -38.96844 ] ] ] } },
{ "type": "Feature", "properties": { "baseline": "ndvi_diff", "year_to": 2024, "area_m2": 499.74109025685436, "cause": "desconocido" }, "geometry": { "type": "Polygon", "coordinates": [ [ [ -61.33484, -38.96871 ], [ -61.33484, -38.96889 ], [ -61.33507, -38.96889 ], [ -61.33507, -38.9688 ], [ -61.33519, -38.9688 ], [ -61.33519, -38.96871 ], [ -61.33484, -38.96871 ] ] ] } },
{ "type": "Feature", "properties": { "baseline": "ndvi_diff", "year_to": 2024, "area_m2": 899.53266463253021, "cause": "desconocido" }, "geometry": { "type": "Polygon", "coordinates": [ [ [ -61.32744, -38.96871 ], [ -61.32744, -38.9688 ], [ -61.32721, -38.9688 ], [ -61.32721, -38.96889 ], [ -61.3271, -38.96889 ], [ -61.3271, -38.96898 ], [ -61.32733, -38.96898 ], [ -61.32733, -38.96907 ], [ -61.32744, -38.96907 ], [ -61.32744, -38.96898 ], [ -61.32756, -38.96898 ], [ -61.32756, -38.96871 ], [ -61.32744, -38.96871 ] ] ] } },
{ "type": "Feature", "properties": { "baseline": "ndvi_diff", "year_to": 2024, "area_m2": 899.53253987704204, "cause": "desconocido" }, "geometry": { "type": "Polygon", "coordinates": [ [ [ -61.31115, -38.9688 ], [ -61.31115, -38.96889 ], [ -61.31104, -38.96889 ], [ -61.31104, -38.9688 ], [ -61.31092, -38.9688 ], [ -61.31092, -38.96907 ], [ -61.31104, -38.96907 ], [ -61.31104, -38.96898 ], [ -61.31138, -38.96898 ], [ -61.31138, -38.96889 ], [ -61.3115, -38.96889 ], [ -61.3115, -38.9688 ], [ -61.31115, -38.9688 ] ] ] } },
{ "type": "Feature", "properties": { "baseline": "ndvi_diff", "year_to": 2024, "area_m2": 599.68798555273156, "cause": "desconocido" }, "geometry": { "type": "MultiPolygon", "coordinates": [ [ [ [ -61.31392, -38.96889 ], [ -61.31335, -38.96889 ], [ -61.31335, -38.96898 ], [ -61.31392, -38.96898 ], [ -61.31392, -38.96889 ] ] ], [ [ [ -61.31392, -38.96907 ], [ -61.31404, -38.96907 ], [ -61.31404, -38.96898 ], [ -61.31392, -38.96898 ], [ -61.31392, -38.96907 ] ] ] ] } },
{ "type": "Feature", "properties": { "baseline": "ndvi_diff", "year_to": 2024, "area_m2": 599.6871117978252, "cause": "desconocido" }, "geometry": { "type": "Polygon", "coordinates": [ [ [ -61.32848, -38.96889 ], [ -61.32848, -38.96907 ], [ -61.32872, -38.96907 ], [ -61.32872, -38.96925 ], [ -61.32883, -38.96925 ], [ -61.32883, -38.96898 ], [ -61.3286, -38.96898 ], [ -61.3286, -38.96889 ], [ -61.32848, -38.96889 ] ] ] } },
{ "type": "Feature", "properties": { "baseline": "ndvi_diff", "year_to": 2024, "area_m2": 799.58177587248031, "cause": "desconocido" }, "geometry": { "type": "Polygon", "coordinates": [ [ [ -61.31046, -38.96898 ], [ -61.31046, -38.96907 ], [ -61.31023, -38.96907 ], [ -61.31023, -38.96916 ], [ -61.31011, -38.96916 ], [ -61.31011, -38.96925 ], [ -61.31057, -38.96925 ], [ -61.31057, -38.96898 ], [ -61.31046, -38.96898 ] ] ] } },
{ "type": "Feature", "properties": { "baseline": "ndvi_diff", "year_to": 2024, "area_m2": 4897.4480332449293, "cause": "desconocido" }, "geometry": { "type": "Polygon", "coordinates": [ [ [ -61.31566, -38.96862 ], [ -61.31566, -38.96871 ], [ -61.31554, -38.96871 ], [ -61.31554, -38.96925 ], [ -61.316, -38.96925 ], [ -61.316, -38.96934 ], [ -61.31647, -38.96934 ], [ -61.31647, -38.96925 ], [ -61.31658, -38.96925 ], [ -61.31658, -38.96907 ], [ -61.31624, -38.96907 ], [ -61.31624, -38.9688 ], [ -61.31612, -38.9688 ], [ -61.31612, -38.96862 ], [ -61.31566, -38.96862 ] ] ] } },
{ "type": "Feature", "properties": { "baseline": "ndvi_diff", "year_to": 2024, "area_m2": 799.58115183032805, "cause": "desconocido" }, "geometry": { "type": "Polygon", "coordinates": [ [ [ -61.31878, -38.96907 ], [ -61.31878, -38.96925 ], [ -61.31901, -38.96925 ], [ -61.31901, -38.96934 ], [ -61.31924, -38.96934 ], [ -61.31924, -38.96916 ], [ -61.31901, -38.96916 ], [ -61.31901, -38.96907 ], [ -61.31878, -38.96907 ] ] ] } },
{ "type": "Feature", "properties": { "baseline": "ndvi_diff", "year_to": 2024, "area_m2": 1699.1072020998449, "cause": "desconocido" }, "geometry": { "type": "Polygon", "coordinates": [ [ [ -61.32987, -38.96898 ], [ -61.32987, -38.96934 ], [ -61.32976, -38.96934 ], [ -61.32976, -38.96943 ], [ -61.32964, -38.96943 ], [ -61.32964, -38.96952 ], [ -61.33022, -38.96952 ], [ -61.33022, -38.96925 ], [ -61.3301, -38.96925 ], [ -61.3301, -38.96907 ], [ -61.32999, -38.96907 ], [ -61.32999, -38.96898 ], [ -61.32987, -38.96898 ] ] ] } },
{ "type": "Feature", "properties": { "baseline": "ndvi_diff", "year_to": 2024, "area_m2": 499.73647271713367, "cause": "desconocido" }, "geometry": { "type": "Polygon", "coordinates": [ [ [ -61.30919, -38.96934 ], [ -61.30919, -38.96943 ], [ -61.3093, -38.96943 ], [ -61.3093, -38.96952 ], [ -61.30942, -38.96952 ], [ -61.30942, -38.96961 ], [ -61.30953, -38.96961 ], [ -61.30953, -38.96943 ], [ -61.30942, -38.96943 ], [ -61.30942, -38.96934 ], [ -61.30919, -38.96934 ] ] ] } },
{ "type": "Feature", "properties": { "baseline": "ndvi_diff", "year_to": 2024, "area_m2": 799.57878064424119, "cause": "desconocido" }, "geometry": { "type": "MultiPolygon", "coordinates": [ [ [ [ -61.36615, -38.96934 ], [ -61.36615, -38.96916 ], [ -61.36604, -38.96916 ], [ -61.36604, -38.96934 ], [ -61.36615, -38.96934 ] ] ], [ [ [ -61.36604, -38.96934 ], [ -61.36592, -38.96934 ], [ -61.36592, -38.96943 ], [ -61.36604, -38.96943 ], [ -61.36604, -38.96934 ] ] ], [ [ [ -61.36604, -38.96952 ], [ -61.36615, -38.96952 ], [ -61.36615, -38.96961 ], [ -61.36627, -38.96961 ], [ -61.36627, -38.96952 ], [ -61.3665, -38.96952 ], [ -61.3665, -38.96943 ], [ -61.36604, -38.96943 ], [ -61.36604, -38.96952 ] ] ] ] } },
{ "type": "Feature", "properties": { "baseline": "ndvi_diff", "year_to": 2024, "area_m2": 499.73559907869088, "cause": "desconocido" }, "geometry": { "type": "Polygon", "coordinates": [ [ [ -61.30664, -38.96952 ], [ -61.30664, -38.96961 ], [ -61.30676, -38.96961 ], [ -61.30676, -38.9697 ], [ -61.30688, -38.9697 ], [ -61.30688, -38.96961 ], [ -61.30711, -38.96961 ], [ -61.30711, -38.96952 ], [ -61.30664, -38.96952 ] ] ] } },
{ "type": "Feature", "properties": { "baseline": "ndvi_diff", "year_to": 2024, "area_m2": 1499.2079206041772, "cause": "desconocido" }, "geometry": { "type": "Polygon", "coordinates": [ [ [ -61.32768, -38.96934 ], [ -61.32768, -38.96943 ], [ -61.32744, -38.96943 ], [ -61.32744, -38.96934 ], [ -61.3271, -38.96934 ], [ -61.3271, -38.96943 ], [ -61.32721, -38.96943 ], [ -61.32721, -38.96952 ], [ -61.32744, -38.96952 ], [ -61.32744, -38.9697 ], [ -61.32756, -38.9697 ], [ -61.32756, -38.96988 ], [ -61.32768, -38.96988 ], [ -61.32768, -38.96952 ], [ -61.32779, -38.96952 ], [ -61.32779, -38.96934 ], [ -61.32768, -38.96934 ] ] ] } },
{ "type": "Feature", "properties": { "baseline": "ndvi_diff", "year_to": 2024, "area_m2": 2698.5719107305249, "cause": "desconocido" }, "geometry": { "type": "Polygon", "coordinates": [ [ [ -61.33403, -38.96934 ], [ -61.33403, -38.96961 ], [ -61.33391, -38.96961 ], [ -61.33391, -38.9697 ], [ -61.33368, -38.9697 ], [ -61.33368, -38.96979 ], [ -61.33391, -38.96979 ], [ -61.33391, -38.96988 ], [ -61.33415, -38.96988 ], [ -61.33415, -38.96979 ], [ -61.33426, -38.96979 ], [ -61.33426, -38.9697 ], [ -61.33449, -38.9697 ], [ -61.33449, -38.96961 ], [ -61.33472, -38.96961 ], [ -61.33472, -38.96943 ], [ -61.33461, -38.96943 ], [ -61.33461, -38.96952 ], [ -61.33449, -38.96952 ], [ -61.33449, -38.96934 ], [ -61.33403, -38.96934 ] ] ] } },
{ "type": "Feature", "properties": { "baseline": "ndvi_diff", "year_to": 2024, "area_m2": 5996.8420404209937, "cause": "desconocido" }, "geometry": { "type": "Polygon", "coordinates": [ [ [ -61.32132, -38.96871 ], [ -61.32132, -38.96889 ], [ -61.32144, -38.96889 ], [ -61.32144, -38.96898 ], [ -61.32132, -38.96898 ], [ -61.32132, -38.96916 ], [ -61.32178, -38.96916 ], [ -61.32178, -38.96925 ], [ -61.32144, -38.96925 ], [ -61.32144, -38.96934 ], [ -61.32132, -38.96934 ], [ -61.32132, -38.96943 ], [ -61.32144, -38.96943 ], [ -61.32144, -38.96961 ], [ -61.3212, -38.96961 ], [ -61.3212, -38.9697 ], [ -61.32097, -38.9697 ], [ -61.32097, -38.96988 ], [ -61.32109, -38.96988 ], [ -61.32109, -38.96997 ], [ -61.3212, -38.96997 ], [ -61.3212, -38.96988 ], [ -61.32155, -38.96988 ], [ -61.32155, -38.96979 ], [ -61.32167, -38.96979 ], [ -61.32167, -38.9697 ], [ -61.32178, -38.9697 ], [ -61.32178, -38.96961 ], [ -61.32213, -38.96961 ], [ -61.32213, -38.96952 ], [ -61.32224, -38.96952 ], [ -61.32224, -38.96943 ], [ -61.32213, -38.96943 ], [ -61.32213, -38.96925 ], [ -61.32201, -38.96925 ], [ -61.32201, -38.96907 ], [ -61.32167, -38.96907 ], [ -61.32167, -38.96889 ], [ -61.32155, -38.96889 ], [ -61.32155, -38.96871 ], [ -61.32132, -38.96871 ] ] ] } },
{ "type": "Feature", "properties": { "baseline": "ndvi_diff", "year_to": 2024, "area_m2": 5896.8704349197787, "cause": "desconocido" }, "geometry": { "type": "MultiPolygon", "coordinates": [ [ [ [ -61.31531, -38.96961 ], [ -61.31543, -38.96961 ], [ -61.31543, -38.9697 ], [ -61.31566, -38.9697 ], [ -61.31566, -38.96979 ], [ -61.316, -38.96979 ], [ -61.316, -38.96988 ], [ -61.31624, -38.96988 ], [ -61.31624, -38.96997 ], [ -61.31728, -38.96997 ], [ -61.31728, -38.96988 ], [ -61.31762, -38.96988 ], [ -61.31762, -38.96979 ], [ -61.31751, -38.96979 ], [ -61.31751, -38.9697 ], [ -61.31739, -38.9697 ], [ -61.31739, -38.96952 ], [ -61.31762, -38.96952 ], [ -61.31762, -38.96961 ], [ -61.31785, -38.96961 ], [ -61.31785, -38.96952 ], [ -61.31774, -38.96952 ], [ -61.31774, -38.96943 ], [ -61.3167, -38.96943 ], [ -61.3167, -38.96952 ], [ -61.31693, -38.96952 ], [ -61.31693, -38.9697 ], [ -61.31681, -38.9697 ], [ -61.31681, -38.96979 ], [ -61.3167, -38.96979 ], [ -61.3167, -38.96988 ], [ -61.31647, -38.96988 ], [ -61.31647, -38.96979 ], [ -61.31624, -38.96979 ], [ -61.31624, -38.9697 ], [ -61.31577, -38.9697 ], [ -61.31577, -38.96961 ], [ -61.31554, -38.96961 ], [ -61.31554, -38.96952 ], [ -61.31531, -38.96952 ], [ -61.31531, -38.96961 ] ] ], [ [ [ -61.31531, -38.96943 ], [ -61.31496, -38.96943 ], [ -61.31496, -38.96952 ], [ -61.31531, -38.96952 ], [ -61.31531, -38.96943 ] ] ] ] } },
{ "type": "Feature", "properties": { "baseline": "ndvi_diff", "year_to": 2024, "area_m2": 1499.2025540900859, "cause": "desconocido" }, "geometry": { "type": "MultiPolygon", "coordinates": [ [ [ [ -61.30815, -38.96979 ], [ -61.30815, -38.96988 ], [ -61.30838, -38.96988 ], [ -61.30838, -38.96997 ], [ -61.30861, -38.96997 ], [ -61.30861, -38.96979 ], [ -61.30849, -38.96979 ], [ -61.30849, -38.9697 ], [ -61.30838, -38.9697 ], [ -61.30838, -38.96961 ], [ -61.30803, -38.96961 ], [ -61.30803, -38.96979 ], [ -61.30815, -38.96979 ] ] ], [ [ [ -61.3078, -38.96979 ], [ -61.3078, -38.96988 ], [ -61.30803, -38.96988 ], [ -61.30803, -38.96979 ], [ -61.3078, -38.96979 ] ] ] ] } },
{ "type": "Feature", "properties": { "baseline": "ndvi_diff", "year_to": 2024, "area_m2": 699.62739266614267, "cause": "desconocido" }, "geometry": { "type": "Polygon", "coordinates": [ [ [ -61.3442, -38.9697 ], [ -61.3442, -38.96997 ], [ -61.34443, -38.96997 ], [ -61.34443, -38.96988 ], [ -61.34455, -38.96988 ], [ -61.34455, -38.96979 ], [ -61.34443, -38.96979 ], [ -61.34443, -38.9697 ], [ -61.3442, -38.9697 ] ] ] } },
{ "type": "Feature", "properties": { "baseline": "ndvi_diff", "year_to": 2024, "area_m2": 1299.3072662375664, "cause": "desconocido" }, "geometry": { "type": "Polygon", "coordinates": [ [ [ -61.32201, -38.9697 ], [ -61.32201, -38.96979 ], [ -61.3219, -38.96979 ], [ -61.3219, -38.96988 ], [ -61.32178, -38.96988 ], [ -61.32178, -38.96997 ], [ -61.32259, -38.96997 ], [ -61.32259, -38.96979 ], [ -61.32224, -38.96979 ], [ -61.32224, -38.96988 ], [ -61.32213, -38.96988 ], [ -61.32213, -38.9697 ], [ -61.32201, -38.9697 ] ] ] } },
{ "type": "Feature", "properties": { "baseline": "ndvi_diff", "year_to": 2024, "area_m2": 1199.3627421501574, "cause": "desconocido" }, "geometry": { "type": "Polygon", "coordinates": [ [ [ -61.34628, -38.96934 ], [ -61.34628, -38.9697 ], [ -61.34639, -38.9697 ], [ -61.34639, -38.96988 ], [ -61.34628, -38.96988 ], [ -61.34628, -38.97006 ], [ -61.34639, -38.97006 ], [ -61.34639, -38.96997 ], [ -61.34663, -38.96997 ], [ -61.34663, -38.96979 ], [ -61.34651, -38.96979 ], [ -61.34651, -38.96961 ], [ -61.34639, -38.96961 ], [ -61.34639, -38.96934 ], [ -61.34628, -38.96934 ] ] ] } },
{ "type": "Feature", "properties": { "baseline": "ndvi_diff", "year_to": 2024, "area_m2": 799.57366387019511, "cause": "desconocido" }, "geometry": { "type": "Polygon", "coordinates": [ [ [ -61.34512, -38.9697 ], [ -61.34512, -38.97006 ], [ -61.34535, -38.97006 ], [ -61.34535, -38.9697 ], [ -61.34512, -38.9697 ] ] ] } },
{ "type": "Feature", "properties": { "baseline": "ndvi_diff", "year_to": 2024, "area_m2": 599.68024794439043, "cause": "desconocido" }, "geometry": { "type": "Polygon", "coordinates": [ [ [ -61.32328, -38.9697 ], [ -61.32328, -38.97006 ], [ -61.3234, -38.97006 ], [ -61.3234, -38.96997 ], [ -61.32352, -38.96997 ], [ -61.32352, -38.96979 ], [ -61.3234, -38.96979 ], [ -61.3234, -38.9697 ], [ -61.32328, -38.9697 ] ] ] } },
{ "type": "Feature", "properties": { "baseline": "ndvi_diff", "year_to": 2024, "area_m2": 799.57303983211227, "cause": "desconocido" }, "geometry": { "type": "Polygon", "coordinates": [ [ [ -61.33137, -38.96979 ], [ -61.33137, -38.96988 ], [ -61.33126, -38.96988 ], [ -61.33126, -38.97006 ], [ -61.3316, -38.97006 ], [ -61.3316, -38.96979 ], [ -61.33137, -38.96979 ] ] ] } },
{ "type": "Feature", "properties": { "baseline": "ndvi_diff", "year_to": 2024, "area_m2": 3698.0268849747536, "cause": "desconocido" }, "geometry": { "type": "Polygon", "coordinates": [ [ [ -61.33981, -38.96952 ], [ -61.33981, -38.96979 ], [ -61.33946, -38.96979 ], [ -61.33946, -38.9697 ], [ -61.33923, -38.9697 ], [ -61.33923, -38.96988 ], [ -61.339, -38.96988 ], [ -61.339, -38.96997 ], [ -61.33911, -38.96997 ], [ -61.33911, -38.97006 ], [ -61.33935, -38.97006 ], [ -61.33935, -38.97015 ], [ -61.33946, -38.97015 ], [ -61.33946, -38.97006 ], [ -61.33969, -38.97006 ], [ -61.33969, -38.97015 ], [ -61.34004, -38.97015 ], [ -61.34004, -38.97006 ], [ -61.34015, -38.97006 ], [ -61.34015, -38.96988 ], [ -61.34004, -38.96988 ], [ -61.34004, -38.96961 ], [ -61.33992, -38.96961 ], [ -61.33992, -38.96952 ], [ -61.33981, -38.96952 ] ] ] } },
{ "type": "Feature", "properties": { "baseline": "ndvi_diff", "year_to": 2024, "area_m2": 899.52030946166713, "cause": "desconocido" }, "geometry": { "type": "Polygon", "coordinates": [ [ [ -61.3353, -38.9697 ], [ -61.3353, -38.96979 ], [ -61.33519, -38.96979 ], [ -61.33519, -38.96988 ], [ -61.3353, -38.96988 ], [ -61.3353, -38.97015 ], [ -61.33542, -38.97015 ], [ -61.33542, -38.96997 ], [ -61.33553, -38.96997 ], [ -61.33553, -38.9697 ], [ -61.3353, -38.9697 ] ] ] } },
{ "type": "Feature", "properties": { "baseline": "ndvi_diff", "year_to": 2024, "area_m2": 1399.2521645496977, "cause": "desconocido" }, "geometry": { "type": "Polygon", "coordinates": [ [ [ -61.33796, -38.96979 ], [ -61.33796, -38.96997 ], [ -61.33807, -38.96997 ], [ -61.33807, -38.97006 ], [ -61.33865, -38.97006 ], [ -61.33865, -38.97015 ], [ -61.33877, -38.97015 ], [ -61.33877, -38.97006 ], [ -61.33888, -38.97006 ], [ -61.33888, -38.96988 ], [ -61.33877, -38.96988 ], [ -61.33877, -38.96997 ], [ -61.33831, -38.96997 ], [ -61.33831, -38.96988 ], [ -61.33819, -38.96988 ], [ -61.33819, -38.96979 ], [ -61.33796, -38.96979 ] ] ] } },
{ "type": "Feature", "properties": { "baseline": "ndvi_diff", "year_to": 2024, "area_m2": 799.57216629974937, "cause": "desconocido" }, "geometry": { "type": "Polygon", "coordinates": [ [ [ -61.30445, -38.96988 ], [ -61.30445, -38.96997 ], [ -61.30422, -38.96997 ], [ -61.30422, -38.97006 ], [ -61.30433, -38.97006 ], [ -61.30433, -38.97015 ], [ -61.30456, -38.97015 ], [ -61.30456, -38.97006 ], [ -61.30468, -38.97006 ], [ -61.30468, -38.96988 ], [ -61.30445, -38.96988 ] ] ] } },
{ "type": "Feature", "properties": { "baseline": "ndvi_diff", "year_to": 2024, "area_m2": 1299.2986548492725, "cause": "desconocido" }, "geometry": { "type": "Polygon", "coordinates": [ [ [ -61.28897, -38.97015 ], [ -61.28897, -38.97024 ], [ -61.28873, -38.97024 ], [ -61.28873, -38.97033 ], [ -61.28862, -38.97033 ], [ -61.28862, -38.97042 ], [ -61.28873, -38.97042 ], [ -61.28873, -38.97051 ], [ -61.28908, -38.97051 ], [ -61.28908, -38.97042 ], [ -61.2892, -38.97042 ], [ -61.2892, -38.97024 ], [ -61.28908, -38.97024 ], [ -61.28908, -38.97015 ], [ -61.28897, -38.97015 ] ] ] } },
{ "type": "Feature", "properties": { "baseline": "ndvi_diff", "year_to": 2024, "area_m2": 2098.8624593362515, "cause": "desconocido" }, "geometry": { "type": "Polygon", "coordinates": [ [ [ -61.34547, -38.97033 ], [ -61.34547, -38.9706 ], [ -61.34593, -38.9706 ], [ -61.34593, -38.97069 ], [ -61.34628, -38.97069 ], [ -61.34628, -38.9706 ], [ -61.34639, -38.9706 ], [ -61.34639, -38.97051 ], [ -61.34628, -38.97051 ], [ -61.34628, -38.97042 ], [ -61.34582, -38.97042 ], [ -61.34582, -38.97033 ], [ -61.34547, -38.97033 ] ] ] } },
{ "type": "Feature", "properties": { "baseline": "ndvi_diff", "year_to": 2024, "area_m2": 499.72786143064047, "cause": "desconocido" }, "geometry": { "type": "Polygon", "coordinates": [ [ [ -61.34039, -38.9706 ], [ -61.34039, -38.97078 ], [ -61.34073, -38.97078 ], [ -61.34073, -38.97069 ], [ -61.34062, -38.97069 ], [ -61.34062, -38.9706 ], [ -61.34039, -38.9706 ] ] ] } },
{ "type": "Feature", "properties": { "baseline": "ndvi_diff", "year_to": 2024, "area_m2": 499.72773663137269, "cause": "desconocido" }, "geometry": { "type": "Polygon", "coordinates": [ [ [ -61.31496, -38.9706 ], [ -61.31496, -38.97069 ], [ -61.31508, -38.97069 ], [ -61.31508, -38.97087 ], [ -61.3152, -38.97087 ], [ -61.3152, -38.97078 ], [ -61.31531, -38.97078 ], [ -61.31531, -38.97069 ], [ -61.3152, -38.97069 ], [ -61.3152, -38.9706 ], [ -61.31496, -38.9706 ] ] ] } },
{ "type": "Feature", "properties": { "baseline": "ndvi_diff", "year_to": 2024, "area_m2": 3398.1347807692009, "cause": "desconocido" }, "geometry": { "type": "Polygon", "coordinates": [ [ [ -61.34501, -38.97078 ], [ -61.34501, -38.97087 ], [ -61.34489, -38.97087 ], [ -61.34489, -38.97096 ], [ -61.34501, -38.97096 ], [ -61.34501, -38.97123 ], [ -61.34535, -38.97123 ], [ -61.34535, -38.97114 ], [ -61.34547, -38.97114 ], [ -61.34547, -38.97105 ], [ -61.3457, -38.97105 ], [ -61.3457, -38.97123 ], [ -61.34582, -38.97123 ], [ -61.34582, -38.97132 ], [ -61.34593, -38.97132 ], [ -61.34593, -38.97105 ], [ -61.34605, -38.97105 ], [ -61.34605, -38.97096 ], [ -61.34593, -38.97096 ], [ -61.34593, -38.97087 ], [ -61.34547, -38.97087 ], [ -61.34547, -38.97078 ], [ -61.34501, -38.97078 ] ] ] } },
{ "type": "Feature", "properties": { "baseline": "ndvi_diff", "year_to": 2024, "area_m2": 499.72286926061008, "cause": "desconocido" }, "geometry": { "type": "Polygon", "coordinates": [ [ [ -61.31462, -38.97132 ], [ -61.31462, -38.97141 ], [ -61.3145, -38.97141 ], [ -61.3145, -38.9715 ], [ -61.31485, -38.9715 ], [ -61.31485, -38.97132 ], [ -61.31462, -38.97132 ] ] ] } },
{ "type": "Feature", "properties": { "baseline": "ndvi_diff", "year_to": 2024, "area_m2": 3897.7954968442127, "cause": "desconocido" }, "geometry": { "type": "Polygon", "coordinates": [ [ [ -61.3271, -38.97177 ], [ -61.3271, -38.97204 ], [ -61.32698, -38.97204 ], [ -61.32698, -38.97213 ], [ -61.3271, -38.97213 ], [ -61.3271, -38.9724 ], [ -61.32721, -38.9724 ], [ -61.32721, -38.97249 ], [ -61.32733, -38.97249 ], [ -61.32733, -38.97267 ], [ -61.32744, -38.97267 ], [ -61.32744, -38.97276 ], [ -61.32756, -38.97276 ], [ -61.32756, -38.97231 ], [ -61.32779, -38.97231 ], [ -61.32779, -38.97213 ], [ -61.32768, -38.97213 ], [ -61.32768, -38.97204 ], [ -61.32756, -38.97204 ], [ -61.32756, -38.97195 ], [ -61.32744, -38.97195 ], [ -61.32744, -38.97186 ], [ -61.32733, -38.97186 ], [ -61.32733, -38.97177 ], [ -61.3271, -38.97177 ] ] ] } },
{ "type": "Feature", "properties": { "baseline": "ndvi_diff", "year_to": 2024, "area_m2": 899.48386644100185, "cause": "desconocido" }, "geometry": { "type": "Polygon", "coordinates": [ [ [ -61.31265, -38.97267 ], [ -61.31265, -38.97276 ], [ -61.31242, -38.97276 ], [ -61.31242, -38.97285 ], [ -61.31231, -38.97285 ], [ -61.31231, -38.97294 ], [ -61.31254, -38.97294 ], [ -61.31254, -38.97285 ], [ -61.313, -38.97285 ], [ -61.313, -38.97276 ], [ -61.31288, -38.97276 ], [ -61.31288, -38.97267 ], [ -61.31265, -38.97267 ] ] ] } },
{ "type": "Feature", "properties": { "baseline": "ndvi_diff", "year_to": 2024, "area_m2": 1199.2934748437658, "cause": "desconocido" }, "geometry": { "type": "Polygon", "coordinates": [ [ [ -61.31115, -38.97375 ], [ -61.31115, -38.97384 ], [ -61.31104, -38.97384 ], [ -61.31104, -38.97402 ], [ -61.31138, -38.97402 ], [ -61.31138, -38.97411 ], [ -61.3115, -38.97411 ], [ -61.3115, -38.97375 ], [ -61.31115, -38.97375 ] ] ] } },
{ "type": "Feature", "properties": { "baseline": "ndvi_diff", "year_to": 2024, "area_m2": 699.5867057915865, "cause": "desconocido" }, "geometry": { "type": "Polygon", "coordinates": [ [ [ -61.30965, -38.97384 ], [ -61.30965, -38.97402 ], [ -61.30953, -38.97402 ], [ -61.30953, -38.97411 ], [ -61.30965, -38.97411 ], [ -61.30965, -38.9742 ], [ -61.30976, -38.9742 ], [ -61.30976, -38.97411 ], [ -61.30988, -38.97411 ], [ -61.30988, -38.97393 ], [ -61.30976, -38.97393 ], [ -61.30976, -38.97384 ], [ -61.30965, -38.97384 ] ] ] } },
{ "type": "Feature", "properties": { "baseline": "ndvi_diff", "year_to": 2024, "area_m2": 499.70190130354013, "cause": "desconocido" }, "geometry": { "type": "Polygon", "coordinates": [ [ [ -61.31369, -38.97429 ], [ -61.31369, -38.97456 ], [ -61.31392, -38.97456 ], [ -61.31392, -38.97438 ], [ -61.31381, -38.97438 ], [ -61.31381, -38.97429 ], [ -61.31369, -38.97429 ] ] ] } },
{ "type": "Feature", "properties": { "baseline": "ndvi_diff", "year_to": 2024, "area_m2": 999.40342817202111, "cause": "desconocido" }, "geometry": { "type": "Polygon", "coordinates": [ [ [ -61.31023, -38.97429 ], [ -61.31023, -38.97438 ], [ -61.31011, -38.97438 ], [ -61.31011, -38.97465 ], [ -61.31034, -38.97465 ], [ -61.31034, -38.97456 ], [ -61.31046, -38.97456 ], [ -61.31046, -38.97429 ], [ -61.31023, -38.97429 ] ] ] } },
{ "type": "Feature", "properties": { "baseline": "ndvi_diff", "year_to": 2024, "area_m2": 899.46239886948615, "cause": "desconocido" }, "geometry": { "type": "Polygon", "coordinates": [ [ [ -61.30861, -38.97429 ], [ -61.30861, -38.97438 ], [ -61.30872, -38.97438 ], [ -61.30872, -38.97474 ], [ -61.30896, -38.97474 ], [ -61.30896, -38.97447 ], [ -61.30884, -38.97447 ], [ -61.30884, -38.97429 ], [ -61.30861, -38.97429 ] ] ] } },
{ "type": "Feature", "properties": { "baseline": "ndvi_diff", "year_to": 2024, "area_m2": 699.57871773488023, "cause": "desconocido" }, "geometry": { "type": "MultiPolygon", "coordinates": [ [ [ [ -61.31462, -38.97465 ], [ -61.3145, -38.97465 ], [ -61.3145, -38.97474 ], [ -61.31462, -38.97474 ], [ -61.31462, -38.97465 ] ] ], [ [ [ -61.31462, -38.97483 ], [ -61.3145, -38.97483 ], [ -61.3145, -38.97492 ], [ -61.31485, -38.97492 ], [ -61.31485, -38.97501 ], [ -61.31496, -38.97501 ], [ -61.31496, -38.97483 ], [ -61.31473, -38.97483 ], [ -61.31473, -38.97474 ], [ -61.31462, -38.97474 ], [ -61.31462, -38.97483 ] ] ] ] } },
{ "type": "Feature", "properties": { "baseline": "ndvi_diff", "year_to": 2024, "area_m2": 4197.4673137866512, "cause": "desconocido" }, "geometry": { "type": "Polygon", "coordinates": [ [ [ -61.31231, -38.97465 ], [ -61.31231, -38.97474 ], [ -61.31196, -38.97474 ], [ -61.31196, -38.97465 ], [ -61.31161, -38.97465 ], [ -61.31161, -38.97474 ], [ -61.31173, -38.97474 ], [ -61.31173, -38.97483 ], [ -61.31161, -38.97483 ], [ -61.31161, -38.9751 ], [ -61.31184, -38.9751 ], [ -61.31184, -38.97519 ], [ -61.31196, -38.97519 ], [ -61.31196, -38.97528 ], [ -61.31231, -38.97528 ], [ -61.31231, -38.97519 ], [ -61.31254, -38.97519 ], [ -61.31254, -38.9751 ], [ -61.31265, -38.9751 ], [ -61.31265, -38.97474 ], [ -61.31254, -38.97474 ], [ -61.31254, -38.97465 ], [ -61.31231, -38.97465 ] ], [ [ -61.31231, -38.97501 ], [ -61.31242, -38.97501 ], [ -61.31242, -38.9751 ], [ -61.31196, -38.9751 ], [ -61.31196, -38.97492 ], [ -61.31231, -38.97492 ], [ -61.31231, -38.97501 ] ] ] } },
{ "type": "Feature", "properties": { "baseline": "ndvi_diff", "year_to": 2024, "area_m2": 4697.1705879591009, "cause": "desconocido" }, "geometry": { "type": "Polygon", "coordinates": [ [ [ -61.32525, -38.97429 ], [ -61.32525, -38.97456 ], [ -61.32513, -38.97456 ], [ -61.32513, -38.97465 ], [ -61.32502, -38.97465 ], [ -61.32502, -38.97483 ], [ -61.3249, -38.97483 ], [ -61.3249, -38.97501 ], [ -61.32479, -38.97501 ], [ -61.32479, -38.9751 ], [ -61.32456, -38.9751 ], [ -61.32456, -38.97519 ], [ -61.32444, -38.97519 ], [ -61.32444, -38.97528 ], [ -61.32432, -38.97528 ], [ -61.32432, -38.97537 ], [ -61.32467, -38.97537 ], [ -61.32467, -38.97528 ], [ -61.32502, -38.97528 ], [ -61.32502, -38.97519 ], [ -61.32513, -38.97519 ], [ -61.32513, -38.9751 ], [ -61.32525, -38.9751 ], [ -61.32525, -38.97501 ], [ -61.32548, -38.97501 ], [ -61.32548, -38.97474 ], [ -61.32536, -38.97474 ], [ -61.32536, -38.97456 ], [ -61.32571, -38.97456 ], [ -61.32571, -38.97438 ], [ -61.3256, -38.97438 ], [ -61.3256, -38.97429 ], [ -61.32525, -38.97429 ] ] ] } },
{ "type": "Feature", "properties": { "baseline": "ndvi_diff", "year_to": 2024, "area_m2": 1998.7830168449334, "cause": "desconocido" }, "geometry": { "type": "MultiPolygon", "coordinates": [ [ [ [ -61.31404, -38.97519 ], [ -61.31404, -38.97501 ], [ -61.31369, -38.97501 ], [ -61.31369, -38.9751 ], [ -61.31381, -38.9751 ], [ -61.31381, -38.97519 ], [ -61.31404, -38.97519 ] ] ], [ [ [ -61.31358, -38.97519 ], [ -61.31358, -38.97528 ], [ -61.31346, -38.97528 ], [ -61.31346, -38.97537 ], [ -61.31358, -38.97537 ], [ -61.31358, -38.97546 ], [ -61.31369, -38.97546 ], [ -61.31369, -38.97563 ], [ -61.31381, -38.97563 ], [ -61.31381, -38.97554 ], [ -61.31416, -38.97554 ], [ -61.31416, -38.97537 ], [ -61.31381, -38.97537 ], [ -61.31381, -38.97519 ], [ -61.31358, -38.97519 ] ] ] ] } },
{ "type": "Feature", "properties": { "baseline": "ndvi_diff", "year_to": 2024, "area_m2": 999.3889496355747, "cause": "desconocido" }, "geometry": { "type": "MultiPolygon", "coordinates": [ [ [ [ -61.31173, -38.97563 ], [ -61.31173, -38.97537 ], [ -61.31161, -38.97537 ], [ -61.31161, -38.97528 ], [ -61.3115, -38.97528 ], [ -61.3115, -38.97546 ], [ -61.31138, -38.97546 ], [ -61.31138, -38.97563 ], [ -61.31173, -38.97563 ] ] ], [ [ [ -61.31127, -38.97563 ], [ -61.31127, -38.97572 ], [ -61.31138, -38.97572 ], [ -61.31138, -38.97563 ], [ -61.31127, -38.97563 ] ] ] ] } },
{ "type": "Feature", "properties": { "baseline": "ndvi_diff", "year_to": 2024, "area_m2": 1998.7621723185448, "cause": "desconocido" }, "geometry": { "type": "Polygon", "coordinates": [ [ [ -61.3234, -38.97581 ], [ -61.3234, -38.9759 ], [ -61.32328, -38.9759 ], [ -61.32328, -38.97608 ], [ -61.3234, -38.97608 ], [ -61.3234, -38.97644 ], [ -61.32352, -38.97644 ], [ -61.32352, -38.97635 ], [ -61.32363, -38.97635 ], [ -61.32363, -38.97617 ], [ -61.32375, -38.97617 ], [ -61.32375, -38.97608 ], [ -61.32386, -38.97608 ], [ -61.32386, -38.9759 ], [ -61.32363, -38.9759 ], [ -61.32363, -38.97581 ], [ -61.3234, -38.97581 ] ] ] } },
{ "type": "Feature", "properties": { "baseline": "ndvi_diff", "year_to": 2024, "area_m2": 599.62333445451793, "cause": "desconocido" }, "geometry": { "type": "Polygon", "coordinates": [ [ [ -61.2677, -38.97653 ], [ -61.2677, -38.97689 ], [ -61.26782, -38.97689 ], [ -61.26782, -38.9768 ], [ -61.26793, -38.9768 ], [ -61.26793, -38.97662 ], [ -61.26782, -38.97662 ], [ -61.26782, -38.97653 ], [ -61.2677, -38.97653 ] ] ] } },
{ "type": "Feature", "properties": { "baseline": "ndvi_diff", "year_to": 2024, "area_m2": 1698.9108747593764, "cause": "desarrollo_inmobiliario" }, "geometry": { "type": "Polygon", "coordinates": [ [ [ -61.31681, -38.97734 ], [ -61.31681, -38.97743 ], [ -61.3167, -38.97743 ], [ -61.3167, -38.97752 ], [ -61.31681, -38.97752 ], [ -61.31681, -38.97779 ], [ -61.31716, -38.97779 ], [ -61.31716, -38.97788 ], [ -61.31739, -38.97788 ], [ -61.31739, -38.9777 ], [ -61.31716, -38.9777 ], [ -61.31716, -38.97752 ], [ -61.31704, -38.97752 ], [ -61.31704, -38.97743 ], [ -61.31693, -38.97743 ], [ -61.31693, -38.97734 ], [ -61.31681, -38.97734 ] ] ] } },
{ "type": "Feature", "properties": { "baseline": "ndvi_diff", "year_to": 2024, "area_m2": 699.54951012303809, "cause": "desarrollo_inmobiliario" }, "geometry": { "type": "Polygon", "coordinates": [ [ [ -61.32028, -38.9777 ], [ -61.32028, -38.97779 ], [ -61.32005, -38.97779 ], [ -61.32005, -38.97788 ], [ -61.32028, -38.97788 ], [ -61.32028, -38.97797 ], [ -61.32051, -38.97797 ], [ -61.32051, -38.97779 ], [ -61.3204, -38.97779 ], [ -61.3204, -38.9777 ], [ -61.32028, -38.9777 ] ] ] } },
{ "type": "Feature", "properties": { "baseline": "ndvi_diff", "year_to": 2024, "area_m2": 899.42083436270309, "cause": "desarrollo_inmobiliario" }, "geometry": { "type": "Polygon", "coordinates": [ [ [ -61.32386, -38.9777 ], [ -61.32386, -38.97806 ], [ -61.32398, -38.97806 ], [ -61.32398, -38.97797 ], [ -61.32409, -38.97797 ], [ -61.32409, -38.97788 ], [ -61.32421, -38.97788 ], [ -61.32421, -38.9777 ], [ -61.32386, -38.9777 ] ] ] } },
{ "type": "Feature", "properties": { "baseline": "ndvi_diff", "year_to": 2024, "area_m2": 2398.4635054663509, "cause": "desarrollo_inmobiliario" }, "geometry": { "type": "Polygon", "coordinates": [ [ [ -61.28769, -38.97716 ], [ -61.28769, -38.97725 ], [ -61.28758, -38.97725 ], [ -61.28758, -38.97761 ], [ -61.28769, -38.97761 ], [ -61.28769, -38.9777 ], [ -61.28758, -38.9777 ], [ -61.28758, -38.97788 ], [ -61.28769, -38.97788 ], [ -61.28769, -38.97806 ], [ -61.28781, -38.97806 ], [ -61.28781, -38.97824 ], [ -61.28793, -38.97824 ], [ -61.28793, -38.97797 ], [ -61.28781, -38.97797 ], [ -61.28781, -38.97752 ], [ -61.28793, -38.97752 ], [ -61.28793, -38.97743 ], [ -61.28804, -38.97743 ], [ -61.28804, -38.97725 ], [ -61.28781, -38.97725 ], [ -61.28781, -38.97716 ], [ -61.28769, -38.97716 ] ] ] } },
{ "type": "Feature", "properties": { "baseline": "ndvi_diff", "year_to": 2024, "area_m2": 499.67531495599701, "cause": "desconocido" }, "geometry": { "type": "Polygon", "coordinates": [ [ [ -61.31635, -38.97815 ], [ -61.31635, -38.97842 ], [ -61.31647, -38.97842 ], [ -61.31647, -38.97833 ], [ -61.31658, -38.97833 ], [ -61.31658, -38.97815 ], [ -61.31635, -38.97815 ] ] ] } },
{ "type": "Feature", "properties": { "baseline": "ndvi_diff", "year_to": 2024, "area_m2": 899.35679671139746, "cause": "desarrollo_inmobiliario" }, "geometry": { "type": "Polygon", "coordinates": [ [ [ -61.27036, -38.98283 ], [ -61.27036, -38.98292 ], [ -61.27013, -38.98292 ], [ -61.27013, -38.9831 ], [ -61.27048, -38.9831 ], [ -61.27048, -38.98301 ], [ -61.27059, -38.98301 ], [ -61.27059, -38.98283 ], [ -61.27036, -38.98283 ] ] ] } },
{ "type": "Feature", "properties": { "baseline": "ndvi_diff", "year_to": 2024, "area_m2": 5695.7060761601588, "cause": "desconocido" }, "geometry": { "type": "Polygon", "coordinates": [ [ [ -61.27394, -38.98543 ], [ -61.27394, -38.9857 ], [ -61.27383, -38.9857 ], [ -61.27383, -38.98588 ], [ -61.27394, -38.98588 ], [ -61.27394, -38.98606 ], [ -61.27406, -38.98606 ], [ -61.27406, -38.98615 ], [ -61.27417, -38.98615 ], [ -61.27417, -38.98588 ], [ -61.27429, -38.98588 ], [ -61.27429, -38.98579 ], [ -61.27498, -38.98579 ], [ -61.27498, -38.98588 ], [ -61.27521, -38.98588 ], [ -61.27521, -38.98597 ], [ -61.27556, -38.98597 ], [ -61.27556, -38.98588 ], [ -61.27591, -38.98588 ], [ -61.27591, -38.98579 ], [ -61.27579, -38.98579 ], [ -61.27579, -38.9857 ], [ -61.27556, -38.9857 ], [ -61.27556, -38.98561 ], [ -61.27441, -38.98561 ], [ -61.27441, -38.98552 ], [ -61.27417, -38.98552 ], [ -61.27417, -38.98543 ], [ -61.27394, -38.98543 ] ] ] } },
{ "type": "Feature", "properties": { "baseline": "ndvi_diff", "year_to": 2024, "area_m2": 499.61327128107962, "cause": "desconocido" }, "geometry": { "type": "Polygon", "coordinates": [ [ [ -61.2097, -38.98705 ], [ -61.2097, -38.98714 ], [ -61.20958, -38.98714 ], [ -61.20958, -38.98732 ], [ -61.20981, -38.98732 ], [ -61.20981, -38.98705 ], [ -61.2097, -38.98705 ] ] ] } },
{ "type": "Feature", "properties": { "baseline": "ndvi_diff", "year_to": 2024, "area_m2": 799.37506637508227, "cause": "desconocido" }, "geometry": { "type": "Polygon", "coordinates": [ [ [ -61.27152, -38.9875 ], [ -61.27152, -38.98777 ], [ -61.27163, -38.98777 ], [ -61.27163, -38.98795 ], [ -61.27186, -38.98795 ], [ -61.27186, -38.98777 ], [ -61.27175, -38.98777 ], [ -61.27175, -38.98768 ], [ -61.27163, -38.98768 ], [ -61.27163, -38.9875 ], [ -61.27152, -38.9875 ] ] ] } },
{ "type": "Feature", "properties": { "baseline": "ndvi_diff", "year_to": 2024, "area_m2": 599.52983283500794, "cause": "desarrollo_inmobiliario" }, "geometry": { "type": "Polygon", "coordinates": [ [ [ -61.23269, -38.98786 ], [ -61.23269, -38.98795 ], [ -61.23281, -38.98795 ], [ -61.23281, -38.98804 ], [ -61.23304, -38.98804 ], [ -61.23304, -38.98795 ], [ -61.23315, -38.98795 ], [ -61.23315, -38.98786 ], [ -61.23269, -38.98786 ] ] ] } },
{ "type": "Feature", "properties": { "baseline": "ndvi_diff", "year_to": 2024, "area_m2": 899.29212735695501, "cause": "desarrollo_inmobiliario" }, "geometry": { "type": "Polygon", "coordinates": [ [ [ -61.23362, -38.98795 ], [ -61.23362, -38.98804 ], [ -61.23338, -38.98804 ], [ -61.23338, -38.98813 ], [ -61.23327, -38.98813 ], [ -61.23327, -38.98831 ], [ -61.2335, -38.98831 ], [ -61.2335, -38.98822 ], [ -61.23362, -38.98822 ], [ -61.23362, -38.98813 ], [ -61.23373, -38.98813 ], [ -61.23373, -38.98795 ], [ -61.23362, -38.98795 ] ] ] } },
{ "type": "Feature", "properties": { "baseline": "ndvi_diff", "year_to": 2024, "area_m2": 699.40306842791415, "cause": "desconocido" }, "geometry": { "type": "Polygon", "coordinates": [ [ [ -61.19109, -38.99272 ], [ -61.19109, -38.99281 ], [ -61.19098, -38.99281 ], [ -61.19098, -38.99308 ], [ -61.19121, -38.99308 ], [ -61.19121, -38.99272 ], [ -61.19109, -38.99272 ] ] ] } },
{ "type": "Feature", "properties": { "baseline": "ndvi_diff", "year_to": 2024, "area_m2": 599.47851552125144, "cause": "desarrollo_inmobiliario" }, "geometry": { "type": "Polygon", "coordinates": [ [ [ -61.2023, -38.99389 ], [ -61.2023, -38.99398 ], [ -61.20219, -38.99398 ], [ -61.20219, -38.99406 ], [ -61.2023, -38.99406 ], [ -61.2023, -38.99433 ], [ -61.20242, -38.99433 ], [ -61.20242, -38.99389 ], [ -61.2023, -38.99389 ] ] ] } },
{ "type": "Feature", "properties": { "baseline": "veg_to_built", "year_to": 2024, "area_m2": 5196.6811432335144, "cause": "desarrollo_inmobiliario" }, "geometry": { "type": "Polygon", "coordinates": [ [ [ -61.28816, -38.97707 ], [ -61.28816, -38.97716 ], [ -61.28793, -38.97716 ], [ -61.28793, -38.97707 ], [ -61.28769, -38.97707 ], [ -61.28769, -38.97725 ], [ -61.28758, -38.97725 ], [ -61.28758, -38.97761 ], [ -61.28769, -38.97761 ], [ -61.28769, -38.9777 ], [ -61.28758, -38.9777 ], [ -61.28758, -38.97788 ], [ -61.28769, -38.97788 ], [ -61.28769, -38.97806 ], [ -61.28781, -38.97806 ], [ -61.28781, -38.97824 ], [ -61.28793, -38.97824 ], [ -61.28793, -38.97797 ], [ -61.28781, -38.97797 ], [ -61.28781, -38.97752 ], [ -61.28793, -38.97752 ], [ -61.28793, -38.97743 ], [ -61.28804, -38.97743 ], [ -61.28804, -38.97752 ], [ -61.28827, -38.97752 ], [ -61.28827, -38.9777 ], [ -61.2885, -38.9777 ], [ -61.2885, -38.97752 ], [ -61.28862, -38.97752 ], [ -61.28862, -38.97734 ], [ -61.2885, -38.97734 ], [ -61.2885, -38.97716 ], [ -61.28839, -38.97716 ], [ -61.28839, -38.97707 ], [ -61.28816, -38.97707 ] ] ] } },
{ "type": "Feature", "properties": { "baseline": "veg_to_built", "year_to": 2024, "area_m2": 499.627503670181, "cause": "desarrollo_inmobiliario" }, "geometry": { "type": "Polygon", "coordinates": [ [ [ -61.27267, -38.98507 ], [ -61.27267, -38.98516 ], [ -61.27279, -38.98516 ], [ -61.27279, -38.98525 ], [ -61.27302, -38.98525 ], [ -61.27302, -38.98507 ], [ -61.27267, -38.98507 ] ] ] } },
{ "type": "Feature", "properties": { "baseline": "ndvi_diff", "year_to": 2025, "area_m2": 899.65383031144415, "cause": "desconocido" }, "geometry": { "type": "Polygon", "coordinates": [ [ [ -61.32305, -38.95909 ], [ -61.32305, -38.95927 ], [ -61.3234, -38.95927 ], [ -61.3234, -38.95936 ], [ -61.32352, -38.95936 ], [ -61.32352, -38.95909 ], [ -61.32305, -38.95909 ] ] ] } },
{ "type": "Feature", "properties": { "baseline": "ndvi_diff", "year_to": 2025, "area_m2": 6695.1503436279481, "cause": "desconocido" }, "geometry": { "type": "MultiPolygon", "coordinates": [ [ [ [ -61.35021, -38.98382 ], [ -61.35032, -38.98382 ], [ -61.35032, -38.98364 ], [ -61.35044, -38.98364 ], [ -61.35044, -38.98373 ], [ -61.35055, -38.98373 ], [ -61.35055, -38.98364 ], [ -61.35067, -38.98364 ], [ -61.35067, -38.98346 ], [ -61.35055, -38.98346 ], [ -61.35055, -38.98328 ], [ -61.35044, -38.98328 ], [ -61.35044, -38.98319 ], [ -61.35032, -38.98319 ], [ -61.35032, -38.9831 ], [ -61.35021, -38.9831 ], [ -61.35021, -38.98319 ], [ -61.34998, -38.98319 ], [ -61.34998, -38.98328 ], [ -61.34986, -38.98328 ], [ -61.34986, -38.98337 ], [ -61.34963, -38.98337 ], [ -61.34963, -38.98328 ], [ -61.34951, -38.98328 ], [ -61.34951, -38.98346 ], [ -61.34975, -38.98346 ], [ -61.34975, -38.98355 ], [ -61.34963, -38.98355 ], [ -61.34963, -38.98364 ], [ -61.3494, -38.98364 ], [ -61.3494, -38.98373 ], [ -61.34951, -38.98373 ], [ -61.34951, -38.98391 ], [ -61.34986, -38.98391 ], [ -61.34986, -38.984 ], [ -61.34998, -38.984 ], [ -61.34998, -38.98409 ], [ -61.35021, -38.98409 ], [ -61.35021, -38.98382 ] ], [ [ -61.35032, -38.98355 ], [ -61.35009, -38.98355 ], [ -61.35009, -38.98346 ], [ -61.35021, -38.98346 ], [ -61.35021, -38.98337 ], [ -61.35032, -38.98337 ], [ -61.35032, -38.98355 ] ] ], [ [ [ -61.35021, -38.98427 ], [ -61.35044, -38.98427 ], [ -61.35044, -38.984 ], [ -61.35032, -38.984 ], [ -61.35032, -38.98409 ], [ -61.35021, -38.98409 ], [ -61.35021, -38.98427 ] ] ] ] } }
]
}
